번호,제목,작성자,날짜,조회수,추천수,댓글수,본문,이미지수,링크
87337,26년 마운자로갤 규칙(운영자 인증 규칙),ㅇㅇ,2026-01-27 16:16:11,10953,10,22,"이외에 여초갤 말투, 한남한녀 등 성별비하, 자료 없는 갈드컵 개최, 직구 상세 반입 관련(압수당한 건은 제외), bmi 25이하(유지자로는 bmi 21 이하) 공개시 삭제 및 밴입니다
여초갤 말투 예시
ex) 이거ㅜ계속 먹어도 되는걸까ㅜ
허버허버 등
시드 1억6천",1,https://gall.dcinside.com/mgallery/board/view/?id=mounjaro&no=87337&page=1
103039,신고게시판,바이오간다,2026-03-26 12:21:02,636,1,0,"자고 있으면 처리 오래 걸림
댓글 지워지면 해결완료
시드 1억6천",0,https://gall.dcinside.com/mgallery/board/view/?id=mounjaro&no=103039&page=1
38674,마운자로 갤러리 가이드 모음,ㅇㅇ,2025-10-20 23:27:18,24997,15,9,"해당 글 클릭 시 해당 페이지로 이동
마운자로 종합 정보
[처음맞는 사람 필독]마운자로 매뉴얼
실비 보험 받는방법
대사증후군(당뇨 고혈압 등) 이 있으면 일반인보다 체중감량이 더딘 이유에 대한 논문자료
여자 갤러들 챙기는거 추천하는 국가정책
----------------------------------------------------------
식단 정보
단백질 식단 정보 1
단백질 식단 정보 2
추가로 정보글 올라오면 추가함",0,https://gall.dcinside.com/mgallery/board/view/?id=mounjaro&no=38674&page=1
78067,"정상체중,그 이하임에도 비만치료제 시작 언급은 글 삭제,차단 사유입니다.",마갤러,2025-12-26 05:04:34,6984,12,0,갤 공지사항 규칙 참조,3,https://gall.dcinside.com/mgallery/board/view/?id=mounjaro&no=78067&page=1
111896,순수 체지방 많을 수록 잘 빠지는 듯,ㅇㅇ,2026-04-21 11:57:57,36,0,1,"근골격이랑 체지방 수치가 비슷한 사람인데
평소 운동하고 식단해도 나이 때문인지 안 빠져서 마쫀쿠 맞음
일주일 경과 걍 뭘 쳐 먹어도 빠짐 ㄷㄷㄷ
88kg 정체기 였는데 벌써 85찍음 개이득",0,https://gall.dcinside.com/mgallery/board/view/?id=mounjaro&no=111896&page=1
111895,버거킹에서 점심먹자 꿀꿀,까마귀,2026-04-21 11:54:27,35,0,4,치즈와퍼 꿀꿀,1,https://gall.dcinside.com/mgallery/board/view/?id=mounjaro&no=111895&page=1
111894,마운자로 예약했다,ㅇㅇ,2026-04-21 11:52:11,25,0,0,"마운자로 맞으면서 산책만 좀 하고
다시 쫙 빼야지",0,https://gall.dcinside.com/mgallery/board/view/?id=mounjaro&no=111894&page=1
111892,이럴경우 증량??,마갤러,2026-04-21 11:47:38,22,0,1,"허기짐 개 ~~심함 진짜 너무 심해서 밤에 간식까지 주워먹음.
근데 한번 먹으면 얼마 안들어가서 양 자체는 많이 먹진 않음.
근데 밤에도 새벽에도 허기짐이 심해서 원래는 하루 2끼 정도 먹는데 간식으로 3끼 분량을 채워버리니까
감량이 이제 잘 안되는 수준이긴 함....
근데 또 밥을 먹으면 반공기도 못먹음....
지금 5중인데 7.5가 너무 비싸서 갈지 말지 계속 고민되네...",0,https://gall.dcinside.com/mgallery/board/view/?id=mounjaro&no=111892&page=1
111891,개억울하네,마갤러,2026-04-21 11:42:20,32,0,0,2.5 한달맞고 병원가서 2.5 사올려햇는데 씨발 재고없고 당분간못구한다고해서 강제증량하네 효과좋았는데 미용목적으로 쳐맞는 씨발새끼들 많아서 좆같네,0,https://gall.dcinside.com/mgallery/board/view/?id=mounjaro&no=111891&page=1
111890,가짜 린도자로는 인도 릴리한테 가래요,ㅇㅇㅇ,2026-04-21 11:41:57,126,0,5,ㅇㅇ 한국 릴리는 응대안해준대요,1,https://gall.dcinside.com/mgallery/board/view/?id=mounjaro&no=111890&page=1
111889,2.5 두달맞고 5로 갈아탔는데,ㅇㅇ,2026-04-21 11:36:41,64,0,2,"음식혐오생겨서 아무것도먹기가싫어
물도마시는게꺼료짐
암것도안먹어도되려나
진짜먹는게싫음",0,https://gall.dcinside.com/mgallery/board/view/?id=mounjaro&no=111889&page=1
111888,20키로가 빠져도 뼈는 어쩔수가없다,타우맨,2026-04-21 11:25:33,88,1,1,광대 존나 튀어나왔노 시발 ㅋㅋㅋ,0,https://gall.dcinside.com/mgallery/board/view/?id=mounjaro&no=111888&page=1
111887,살빼도 나이 때문인지 처진살은 어쩔수없넹ㅋㅋ,마갤러,2026-04-21 11:18:47,85,0,2,얼굴살 빼도 예전처럼 날렵해지진 않는구낭~,0,https://gall.dcinside.com/mgallery/board/view/?id=mounjaro&no=111887&page=1
111886,다이어트가,마갤러,2026-04-21 11:18:07,37,0,0,"ㄹㅇ 만병통치약이네
예전엔 영양제 섭취해서 컨디션 개선하려고 했었는데
마쫀쿠 덕에 살빠지고 컨디션 좋아지니
영양제가 별로 필요없음
내장지방 빠져나가면서 신장 간 위장등 정상화 되다보니
섭취하는게 tudca 정도? 비타민b군이나 c정도 최소한으로
챙겨먹을까 했는데 만성피로가 사라지니 저 둘에도 손이 안간다 ㅋㅋ",0,https://gall.dcinside.com/mgallery/board/view/?id=mounjaro&no=111886&page=1
111885,제대로 빼고있는거 맞나,ㅇㅇ,2026-04-21 11:16:05,92,0,1,"116찍고 시작해서 처음 인바디 잰게 108이었음
속도는 느리긴 한데 점점 빠지긴 하더라
(기관지 문제로 운동 거의 못함)",2,https://gall.dcinside.com/mgallery/board/view/?id=mounjaro&no=111885&page=1
111884,이제는 비행기 안전벨트 연장선 필요없을 듯,마갤러,2026-04-21 11:11:09,98,0,2,"125에서 2.5 4펜, 5.0 1펜 해서 지금 114인데
일본 여행 좋아하는 좆돼지라서 LCC 자주 이용했고 추가금액 지불하고 항상 첫째줄 자리 구매했거든.
다리는 펼 수 있어도 안전벨트 끝까지 풀어서 매면 배에 딱 조이게 체결됐거든.
그리고 연장선 달라고 승무원한테 얘기할 때 챙피했는데 이젠 필요없을 것 같아서 다행이다",1,https://gall.dcinside.com/mgallery/board/view/?id=mounjaro&no=111884&page=1
111883,인바디에서도 비만보다 저체중이 낫다,ㅇㅇ,2026-04-21 11:11:02,113,0,2,"인바디에서
저체중이라도 평균 몸 나이 같거나 아래로 나옴
비만이면 같은 연령대 이상으로 나온다
이거 ㄹㅇ ㅋㅋㅋㅋㅋㅋ",0,https://gall.dcinside.com/mgallery/board/view/?id=mounjaro&no=111883&page=1
111882,이거 제대로 맞은건지 모르겠는데 미치겠다,ㅇㅇ,2026-04-21 11:09:39,30,0,1,"주사 혼자 뱃가죽 잡아다가 밀착시키고 놓은다음에 따끔하고 피도 살짝 나왔는데 뭔 아무런 느낌도 없고 3주차인데 졸리기만하고 식욕감퇴도 잘 모르겠고 ㅅㅂ 제대로 놓은게 맞나 궁금하다.. 2.5미리 처음 놓는거임
- dc official App",0,https://gall.dcinside.com/mgallery/board/view/?id=mounjaro&no=111882&page=1
111880,25개좆아무느낌 없다가 5맞으니까 폭풍설사하네,ㅇㅇ,2026-04-21 11:06:03,84,0,1,"똥꼬 허벌됨
- dc official App",1,https://gall.dcinside.com/mgallery/board/view/?id=mounjaro&no=111880&page=1
111879,한국인은 키빼몸 110이 건강한거 맞나봄,마갤러,2026-04-21 10:57:46,171,1,3,"서양인들처럼 피하지방이 잘 쌓이는 체질이 아니고
타고나길 복부내장지방으로 주로 가는 유전자라
헬창 아니면 키빼몸 100도 내장지방 많고 배불뚝 튀어나옴.",0,https://gall.dcinside.com/mgallery/board/view/?id=mounjaro&no=111879&page=1
111878,마운자로 먹고 술끊은게 최고 이득임,야붕님,2026-04-21 10:57:28,82,0,1,"날렉손 먹고도 못끊던걸 마운자로 먹고 끊움
사실 끊은건 아니고 맥주 500 한잔씩은 먹어봤음
근데 그 이상 안들어가더라. 맛도 없고.
살 빠지는것도 술끊은게 큰거 같음
술 값 생각하면 약값 비싼것도 아니고.
속 안좋아서 유산균 ㅈㄴ먹었었는데
소식하니까 필요도 없더라",0,https://gall.dcinside.com/mgallery/board/view/?id=mounjaro&no=111878&page=1
111877,비만이 신장에 안좋을수있다네,ㅇㅇ,2026-04-21 10:43:58,157,0,4,"비만은 ㄹㅇ 질병이야
- dc official App",0,https://gall.dcinside.com/mgallery/board/view/?id=mounjaro&no=111877&page=1
111876,마쫀쿠로 오히려 방귀 줄은사람있음?,coolboy,2026-04-21 10:43:33,66,0,2,뿡뿡이였는데 한 1/10 으로 줄은듯,0,https://gall.dcinside.com/mgallery/board/view/?id=mounjaro&no=111876&page=1
111875,집에서 하는 맨몸운동 개맛있긴해,ㅇㅇ,2026-04-21 10:40:25,93,1,1,"식단도 하고 운동도 하고 운동하니까 기분도 덩달아 미치게 좋음 ㅋㅋ 이게 천연 엔돌핀?
운동 으로 몸 기초 만들려고 하니까 돼지여도 주변에서 몸 튼튼해 자고 있지 않아요 ? 이럼 기분 ㅆㅅㅌㅊ",1,https://gall.dcinside.com/mgallery/board/view/?id=mounjaro&no=111875&page=1
111874,마운자로 6일차 밥상,ㅇㅇ,2026-04-21 10:37:07,149,0,2,"어제 샌드위치 반쪽 남은거 저녁에 먹으려다
약속 생겨서 어제저녁엔 보쌈집가서 고기+상추만 8점
국은 건더기만 먹고 국물X
고로 오늘아침은 어제남은 샌드위치 반쪽 오렌지1
퀘스트단백질바
퀘스트 이거 여기서 다른 사람 글보고 산건데 속세의맛임
근데마운자로 효과인지 하나먹기도 힘들다
배부르다 이거보단 먹다 질림 ㅋㅋ
요즘 과일이젤맛잇음
점심에 연두부1 블루베리 넣은 그릭요거트 먹고
저녁엔 닭가슴살 먹을듯
어제 제미나이한테 식단 공유햇더니 삶은계란 한개 더먹으래서
그거 먹고자서 그런가 배가안고픔
6일차 배고픔 없음
근데 머리속에서 과자 생각이나긴함
그럴때는 저당베지밀이나 퀘스트 단백질바 먹음
근데 퀘스트 단백질바 개당 3천원넘구 좀 물리는맛이라
한개이상안먹게됨
과자생각날때 베지밀 마시면 과자생각이안남
헬스를 끊어야하는데 자영업자라 출근8시 밤12시쯤 집가다 보니 그냥 집에서 20-30분씩 홈트만 하는중",1,https://gall.dcinside.com/mgallery/board/view/?id=mounjaro&no=111874&page=1
111873,병원에 전화해서 처방전 발급 가격 알수 있냐고 물어봤는데 이거 안되는거냐,ㅇㅇ,2026-04-21 10:34:04,208,0,10,"동네 병원에 전화해서 혹시 처방전 발급 가능하냐고 물어보고 된다고 해서 가격 알 수 있냐고 물어보니까
환자님 진료도 안보시고 가격을 저희가 어떻게 알려드려요 ㅇㅈㄹ하면서 비웃는데 원래 이러냐",0,https://gall.dcinside.com/mgallery/board/view/?id=mounjaro&no=111873&page=1
111872,마운자로 시작한 이유,ㅇㅇ,2026-04-21 10:31:05,59,0,0,"일하면서 스트레스인가 살이 확쪄서
여름에 좀 추하길래 시작함 ㅠㅠ",0,https://gall.dcinside.com/mgallery/board/view/?id=mounjaro&no=111872&page=1
111871,4주동안 저탄고단 했는데 단백뇨? 나옴,ㅇㅇ,2026-04-21 10:19:55,195,0,8,"아침에 소변 봤는데
거품이 미친듯이 많앗음 진짜 나 그런 거품 처음봄
4주동안 처음있는일인데 바로 병원가야하나?
어제 물을 좀 적게 마시긴햇어
당뇨환자는 아님",0,https://gall.dcinside.com/mgallery/board/view/?id=mounjaro&no=111871&page=1
111870,운동안하고 마쫀쿠 먹는 백수만 들어와봐 개꿀팁준다.,마갤러,2026-04-21 10:19:27,203,0,9,"마쫀쿠 맞으면서 운동 안하는 백수만 봐봐.
쿠팡이나 컬리 3-4시간짜리 알바 있거든.
출고쪽 가서 피킹해라. 그럼 최소 만보 확보.
살 쭉쭉 빠지는데, 근육도 적당히 붙는다.
거기다 돈도 입금됨. 개꿀
- dc official App",0,https://gall.dcinside.com/mgallery/board/view/?id=mounjaro&no=111870&page=1
111869,2주찬데 효과 ㅈㄴ쎄네,마갤러,2026-04-21 09:53:45,225,0,5,2.5는 무난한줄알았는데 2주차부터 양 줄이고 하루두끼먹는거도힘드네,0,https://gall.dcinside.com/mgallery/board/view/?id=mounjaro&no=111869&page=1
111868,운동 얘기중에 수영하는 놈이 없네,마갤러,2026-04-21 09:51:05,237,0,10,"돼지들 약점인 관절 무리없고
칼로리 소모량 최고에
코어운동 전신운동되고
수영이여서 재미도 있는데
재미없는 자전거, 러닝머신 타지말고 주말에 자유 수영이라도 가라
나는 씹돼지시절에도 5부 바지만 입고 가서 부끄럼없이 잘만했다",0,https://gall.dcinside.com/mgallery/board/view/?id=mounjaro&no=111868&page=1
111867,마운자로 해보고 싶은데 송도 사는 형들 있어?,ㅇㅇ,2026-04-21 09:48:48,118,0,3,"그냥 내과 찾아서 가면 되나 이거 제미나이한테 물어보니 약국별로 가격 다를거라는데
비만클리닉 이런데 가면 괜히 뭐 인바디니 뭐니 하면서 끼워팔기 바가지 쓸거같고 으",0,https://gall.dcinside.com/mgallery/board/view/?id=mounjaro&no=111867&page=1
111866,형님들 그래서 마운자로 2.5 처방 포함 32면 괜찮은 가격이야?,ㅇㅇ,2026-04-21 09:46:01,219,0,13,"2.5 가격이 25도 있다하는데
주변은 아예 30 이상이던데 처방포함",0,https://gall.dcinside.com/mgallery/board/view/?id=mounjaro&no=111866&page=1
111865,격렬히 반성중,마갤러,2026-04-21 09:43:19,120,0,5,"어제 스트레스 너무심하게받기도했고
몸살기운 엄청강해서 회사 출근은했지만 사실상 일한건 거의 없는거나 마찬가지였음
퇴근하고 너무 열받아서 뭐라도 먹어야겠다 찾다가 베라찾음.
마침 kt50%할인이라 냅다가서 파인트 2개삼
반정도먹고 엄청나게 물려서 냉동실 박아뒀어..
하.. 벽보고 반성좀해야지 ㅠㅠ",0,https://gall.dcinside.com/mgallery/board/view/?id=mounjaro&no=111865&page=1
111864,5.0 40만2천원이면 가격괜찮은거?,ㅇㅇ,2026-04-21 09:38:15,165,0,3,"어떰?
종로아님 그냥우리집밑에있길래",0,https://gall.dcinside.com/mgallery/board/view/?id=mounjaro&no=111864&page=1
111863,5개월만에 20키로빼기가능?,ㅇㅇ,2026-04-21 09:35:22,261,0,13,"키179 현재88키로
5개월뒤에 결혼식인데
68키로까지빼기가능?
여자친구 처음만날때가68이었는데
3년동안20키로쪘다
그놈의엽떡",0,https://gall.dcinside.com/mgallery/board/view/?id=mounjaro&no=111863&page=1
111861,위고비할때랑 너무다름,ㅇㅇ,2026-04-21 09:24:49,200,0,1,"위고비는 먹으면 들어는가는데 빠지는게 좀 더뎠음
마운자로는 내가 바로 5로 시작하긴했는데(요요와서 걍 세게시작함)
먹는다는게 싫어질정도로 거부감생겨서 탈모같은 부작용 안오기를 위한 억지 식사함
이번엔 목표체중까지 힘들어도 쭉 해볼생각..",0,https://gall.dcinside.com/mgallery/board/view/?id=mounjaro&no=111861&page=1
111860,마운자로 먹으면 행위중독도 고쳐진다며,ㅇㅇ,2026-04-21 09:21:10,228,0,8,"마운자로가 뇌 보상회로 측좌핵 도파민 분비 막아서
외부 자극에 쾌락 덜느끼게 해주는 기전이라던데
정신과 의사말로는 음식 먹는거 말고도 다른 중독도 고쳐진다네
본인 adhd 있고 음란물 중독에 매일 폭식해서 뇌랑 몸 둘다 씹창났는데 마운자로가 내 유일한 희망이다.. 오늘 맞으러감",0,https://gall.dcinside.com/mgallery/board/view/?id=mounjaro&no=111860&page=1
111859,다들 단거 땡길때 어떻게 함?,exitround,2026-04-21 09:20:40,122,0,11,"일단 집에 코크제로 / 프로틴 아이스크림 / 프로틴바밖에 안쟁여놔서 그나마 괜찮은데
일단 배고프진 않고 오늘 단백질 충분하게 채움 ㅇㅇ
그냥 코크제로 많이 마실까",0,https://gall.dcinside.com/mgallery/board/view/?id=mounjaro&no=111859&page=1
111858,좆바디 낋여왓다,타우맨,2026-04-21 09:16:48,125,0,3,,1,https://gall.dcinside.com/mgallery/board/view/?id=mounjaro&no=111858&page=1
111857,마000 2.5 4펜  32면 적당해?,마갤러,2026-04-21 09:09:54,150,0,9,"적당한 가격인가
살이 너무 많이 쪄서 이번에 처음 맞아보랴고 하는데",0,https://gall.dcinside.com/mgallery/board/view/?id=mounjaro&no=111857&page=1
111856,아 젠장 단약3개월되니까,닭가슴,2026-04-21 09:08:08,164,0,3,"식욕억제 ㅈㄴ힘들다
운동으로유지하는건 체력부족이다 이제
딱 한달만 더 참아보고 안되면
도핑해야된다",0,https://gall.dcinside.com/mgallery/board/view/?id=mounjaro&no=111856&page=1
111855,마운자로첫달 2.5 11일차인데,ㅇㅇ,2026-04-21 09:00:00,190,0,13,"172 90 돼지임
부작용이랄건 딱히 못느끼겠는데 이게 문제가
존나 잠을 잘자고 존나 활동적인 돼지가됨
그래서 밤에 일끝나고 아침에 뻗고 이랬는데 컨디션이 좋으니까
매일 맛집 오픈런을 쳐때림 ㅅㅂ
그래서 식욕이 줄기는 커녕 늘고 양도 줄질않음
5m맞으면 효과있는거맞음?
약값이 많이드니까 식비를 아껴야되는데 약값+식비가 오히려 증가하니까 믿음이 약해지노,..",2,https://gall.dcinside.com/mgallery/board/view/?id=mounjaro&no=111855&page=1
111854,32시간 단식하고 먹으니 맛 ㅈㄴ 잘 느껴짐,경진격,2026-04-21 08:59:05,117,0,4,"지금까지 먹은게
올리브 오일 15ml  아몬드 10g 짭짤이 토마토 80g
고구마 55g  알배기 배추 70g  찰토마토 120g  닭가슴살 100g
인데 와 짭짤이 먹을때
아이셔 먹는줄...
혀의 미각 세포가 깨어난 느낌",1,https://gall.dcinside.com/mgallery/board/view/?id=mounjaro&no=111854&page=1
111853,2.5로 3달째,마갤러,2026-04-21 08:57:24,76,0,1,"아주천천히 빠지네
잠은 아직도 미친듯이 오네",0,https://gall.dcinside.com/mgallery/board/view/?id=mounjaro&no=111853&page=1
111852,마운자로 세달 맞았는데,마갤러,2026-04-21 08:57:07,163,0,8,"살이 진짜 완전 조금 빠졌는데 내가 잘 안맞는걸까?
마지막 단계까지 맞아봤는데 진짜 조금 빠지고 안빠지네
식단도하고 운동도 하는데(런닝,헬스)
왜안빠지지..",0,https://gall.dcinside.com/mgallery/board/view/?id=mounjaro&no=111852&page=1
111851,배 하나도안고파도 억지로라도 뭐먹어야겠지..?,마갤러,2026-04-21 08:56:43,74,0,3,"구운계란이라도 먹어야하나
- dc official App",0,https://gall.dcinside.com/mgallery/board/view/?id=mounjaro&no=111851&page=1
111850,4달동안 5kg뺐는데 적게빼는거임?,마갤러,2026-04-21 08:56:41,177,0,5,"ㅡ??
- dc official App",0,https://gall.dcinside.com/mgallery/board/view/?id=mounjaro&no=111850&page=1
111847,마운자로 67일 딱 15키로 뺐네,ㅇㅇ,2026-04-21 08:14:32,287,0,4,"171/95 2.5 시작해서 첫주에 4키로 빠지고
그 뒤로는 주마다 1-2키로 빠진듯
2.5 한달하고 5.0 증량했고
운동은 주6일 하다가 몸이 못 버텨서 2일마다로 바꿈
오늘 몸무게 재니깐 드디어 앞자리 7찍었네 79.9
식단은 1400칼로리 정도 먹었고
운동하는날은 탄수 120 안 하는 날은 80-100
단백질은 매일 120-140 정도 먹음
허리 다쳐서 운동 일주일째 쉬었는데 골격근 1키로 빠진게 너무 아쉽네",1,https://gall.dcinside.com/mgallery/board/view/?id=mounjaro&no=111847&page=1
111846,셀렉스 공홈 코코넛 타임쿠폰 할인율이 좋다,별지,2026-04-21 08:12:56,185,4,8,"셀렉스 쿠폰의 기준인
건강퀴즈 20% 쿠폰의 할인율을 넘어선다
하루 두번뽑는 페이코 강화쿠폰
대박나면 구매하도록하자
난 1.2배 뽑아서 조금 아쉬운가격인데
그래도 팩당 1400원대 나옴
1.5배 이상이면 아묻따 ㄱㄱ하거나
1.35배 정도만되도 만족할듯?
내일까지니까 판단 잘해서 ㄱㄱ
http://payco.kr/Me5ld?partyId=unse2O5w0Z
페이코 모임 함께하면 4% 추가 적립 가능",2,https://gall.dcinside.com/mgallery/board/view/?id=mounjaro&no=111846&page=2
111845,집이 수평이 뒤지게 안맞나보네,마갤러,2026-04-21 08:05:31,202,0,5,재는 위치마다 2~3키로씩 차이나네;,0,https://gall.dcinside.com/mgallery/board/view/?id=mounjaro&no=111845&page=2
111844,오늘 2회차인데 소독 솜에 피 묻으면 잘 맞은 거겠지?,ㅇㅇ,2026-04-21 08:04:39,112,0,2,쭈욱 소리나면서 금방 들가고 딱 소리나면서 끝나넹,0,https://gall.dcinside.com/mgallery/board/view/?id=mounjaro&no=111844&page=2
111843,어제 짜장면에 탕수육 먹었는데,ㅇㅇ,2026-04-21 07:57:34,84,0,1,"1.2kg 쪄있네ㅋㅋ
피부 개좋아짐 ㄹㅇ 이게 기름의 힘인가",0,https://gall.dcinside.com/mgallery/board/view/?id=mounjaro&no=111843&page=2
111842,뭘먹야하나,ㅇㅇ,2026-04-21 07:47:40,35,0,1,"이번주 금요일이 5맞는거 3번째인데
지금 아침에 아무것도 못먹고 점심만 일반식 ㅈㄴ 조금 먹고 말고있음.. 토나와서
이거 억지로라도 좀 씩 먹어야 탈모안온다는데 보통 구토감 심하면 뭐먹음?",0,https://gall.dcinside.com/mgallery/board/view/?id=mounjaro&no=111842&page=2
111841,증량했다가 내려온 사람 있나요?,마갤러,2026-04-21 07:41:51,63,0,0,"5 3달 먹었다가 7.5 한달하고 다시 5 먹으려는데 효과 있을까요?
- dc official App",0,https://gall.dcinside.com/mgallery/board/view/?id=mounjaro&no=111841&page=2
111839,살좀빼고싶어서 여기들어왔어요,마갤러,2026-04-21 07:33:56,203,0,12,"정보같은거 얻을려고요
195/132인데
한 80초반까지만 빼고싶네여",0,https://gall.dcinside.com/mgallery/board/view/?id=mounjaro&no=111839&page=2
111838,연옌도 마쫀쿠 많이 맞을까?,마갤러,2026-04-21 07:26:16,223,0,6,"먹을거 못참는 연옌 가끔 보이던데
맞으면서 말안하는사람 많겟지?",0,https://gall.dcinside.com/mgallery/board/view/?id=mounjaro&no=111838&page=2
111837,라면 그만 먹어야지,ㅇㅇ,2026-04-21 07:22:01,53,1,1,"자취생의 슬픔이다
- dc official App",0,https://gall.dcinside.com/mgallery/board/view/?id=mounjaro&no=111837&page=2
111836,5쫀쿠 종로에 재고없냐,마갤러,2026-04-21 07:17:36,210,0,4,한달만에 재구매해야하는데 아직도 재고이슈 심함?,0,https://gall.dcinside.com/mgallery/board/view/?id=mounjaro&no=111836&page=2
111834,2.5 8펜째,불행해,2026-04-21 06:54:38,93,0,0,"95 - 86.X 안착된듯
무게가 근데 조금씩 내려가는게 아니라
며칠 멈추고 갑자기 팍 내려가고 그러네
지금 2.5 4펜 남았고 목표는 82
주에 1키로인데 쉽지 않아보임
2.5로도 식욕 안올라와서 용량을 올리진 않을듯
- dc official App",0,https://gall.dcinside.com/mgallery/board/view/?id=mounjaro&no=111834&page=2
111833,처방 받는 곳이랑 약받는 곳이 너무 멀어...,소백,2026-04-21 06:54:34,79,0,2,"시골이라 그런지 처방+약 해주는 병원은 없고
어플로 보니 처방 따로 약 따로는 있는데 너무 멀어
전날 저녁에 병원에서 처방 받고 다음날 저녁에 약국 가도 되겠지?
- dc official App",0,https://gall.dcinside.com/mgallery/board/view/?id=mounjaro&no=111833&page=2
111832,ㅅㅂ 1페이지에 배고프다라는 글 왜있냐,무릎빡도사,2026-04-21 06:42:14,89,0,3,비싼돈주고 배고프면 왜맞음?,0,https://gall.dcinside.com/mgallery/board/view/?id=mounjaro&no=111832&page=2
111831,32시간 단식 후기,경진격,2026-04-21 06:00:21,308,0,15,"4월 11일부터 멘탈 터져서
폭식 시작한거 끊을겸 단식 해봤음
일요일 오후 9시 45분부터
화요일 오전 5시 45분까지
물 + 카누 2봉만 먹었으니
거의 32시간 단식 한듯
음식을 끊으니 뭔가 평온하고 좋더라...
오늘 오전 5시 45분부터 다시 식단 시작했음
좋네",3,https://gall.dcinside.com/mgallery/board/view/?id=mounjaro&no=111831&page=2
111830,왐마 5 확실히 쎄다,마갤러,2026-04-21 05:40:47,204,0,2,"2.5 두달 하고 5로 넘어왔는데 효과도 쎄고 부작용도 쎄네...
또 적응하겠지...
그래도 배는 확실히 안고파서 그건 만족",0,https://gall.dcinside.com/mgallery/board/view/?id=mounjaro&no=111830&page=2
111829,마운자로 꼽고 배고프다는 애들 이해 안됨,ㅇㅇ,2026-04-21 05:30:38,305,2,4,"이해되기 시작했다.
4달차이고 여태 5미리 8펜맞았는데.
어느 순간부터인가 못느꼈던 배고픔을 느끼기 시작했음.
밥먹어도 복무 팽만 더부룩함이 확 줄어들고 양껏먹으면 한도없이 들어갈것같아서 멈칫함;
매일 술먹다가 마운자로 덕에 간신히 끊었는데 요새 다시 술이 미친듯이 땡겨서 먹고있음.
체중은 당연히 2주간 정체기고 식욕은 점점 올라.
이젠 맞은지 4일차만되도 배고픔 올라와서 못참겠음.
약 기전 생각해봤을때
빨리 분해하지 못하도록 glp1에 인위적으로 결합한 단백질 구조를 몸이 적응하는 바람에 생각보다 빠르게 분해시켜버리는 느낌임.
배고픔, 술욕구 다시 느끼니까 인생이 힘들다.",0,https://gall.dcinside.com/mgallery/board/view/?id=mounjaro&no=111829&page=2
111827,2.5 한달 후기 (운동x),알낳기,2026-04-21 04:42:15,197,0,0,"근육 1.3kg감소
체지방 6kg감소
운동은 부상으로인해 못함
- dc official App",0,https://gall.dcinside.com/mgallery/board/view/?id=mounjaro&no=111827&page=2
111826,오른쪽이 이상하게 더아프네,ㅇㅇ,2026-04-21 04:16:37,77,0,1,"당뇨게이라 딱히 큰통증은 아닌데
왼쪽에 맞을땐 혈당계 수준으로 따꼼 하고 끝나는데
오른쪽에 맞을땐 뭔가 뻐근하게 오래 아프네
그리고 매번 어디 맞았는지 까먹음 ㅋㅋㅋㅋㅋ
다들 저번주에 어디맞았는지 기억하냐..
같은곳 반복해서 맞으면 안좋다는데
멀찍 멀찍 하게 맞는수밖에 없나..",0,https://gall.dcinside.com/mgallery/board/view/?id=mounjaro&no=111826&page=2
111824,"테이퍼링 2주 간격 중인데 12,13일차 존나 고비다 ㅋㅋ",마갤러,2026-04-21 03:57:05,200,0,4,"쉽지 않아
- dc official App",0,https://gall.dcinside.com/mgallery/board/view/?id=mounjaro&no=111824&page=2
111823,요새 식욕이 더 오르노,ㅇㅇ,2026-04-21 03:48:06,57,0,0,빨리 증량하고 싶다 그냥,0,https://gall.dcinside.com/mgallery/board/view/?id=mounjaro&no=111823&page=2
111822,이재명 인도 간거랑,마갤러,2026-04-21 03:12:02,260,0,4,"쨉자로 소탕작전이랑 상관있냐?
대한민국 로비 짭짤해서
직구도 막는겨?",0,https://gall.dcinside.com/mgallery/board/view/?id=mounjaro&no=111822&page=2
111821,하림 불고기맛 닭안심 존나 맛있네,마갤러,2026-04-21 02:39:38,51,0,0,솔직히 불고기맛 개물릴줄 알았는데 향이 약해서 그런지 하나도 안물림 그냥 냉동해놨다가 후라이팬에 기름 살짝 두르고 뚜껑덮고 중불에 5분 뒤집어서 약불로 5분 해서 먹으면 걍 입에서 녹음,0,https://gall.dcinside.com/mgallery/board/view/?id=mounjaro&no=111821&page=2
111820,70에서 55까지 보통 금방뺌?,마갤러,2026-04-21 02:05:05,318,0,1,"내친구 저렇게빼는데 두달걸렸다고 하더라.. 키가 159임 5미리썼대
- dc official App",0,https://gall.dcinside.com/mgallery/board/view/?id=mounjaro&no=111820&page=2
111819,오늘 위고비 첨했는데 방금 햄버거 두개먹음,마갤러,2026-04-21 01:26:43,228,0,5,"개Tlqkf  1.0mg 처방받고  0.25인가 19번딸깍 점심에 맞았는데
시발 개열받네 입만 겁나 마르고시발
방금 햄버거 두개먹음 개시발
효과있는거 맞나 ㅡㅡ",0,https://gall.dcinside.com/mgallery/board/view/?id=mounjaro&no=111819&page=2
111818,내일 오후에 맞을건디 냉장고에서 미리꺼내놔도댐?,원흥,2026-04-21 01:19:12,237,0,7,"ㅇ.ㅇ
- dc official App",0,https://gall.dcinside.com/mgallery/board/view/?id=mounjaro&no=111818&page=2
111817,비만 남자들 여친이랑 잘때 윗옷 벗음?,ㅇㅇ,2026-04-21 01:10:40,443,0,5,"난 부끄러워서 윗옷은 안벗고하는데 님들은 어케하는편임?
- dc official App",0,https://gall.dcinside.com/mgallery/board/view/?id=mounjaro&no=111817&page=2
111816,냉장 닭가슴살 1키로 5660원,킹데스,2026-04-21 01:04:21,192,0,4,"https://m.brand.naver.com/ccdakgalbi/products/11236105369
존나싸긴하네",1,https://gall.dcinside.com/mgallery/board/view/?id=mounjaro&no=111816&page=2
111815,마운자로 냉동실에 넣은거 어떻게함..?,마갤러,2026-04-21 00:44:49,430,0,8,"일하고왔는데 엄마가 집에 들리셔서 반찬 넣어놓고가셨음
근데 사놓은거 싹다 냉동실에 넣어두고 가심...
넣어둔것도 모르고 새벽에 확인했는데 다 얼어있음....
이거 방법없음..??",0,https://gall.dcinside.com/mgallery/board/view/?id=mounjaro&no=111815&page=2
111813,마운자로 7.5 스타트충 18일차 눈바디 ㅁㅌㅊ냐,사나이최광진,2026-04-21 00:25:45,411,0,12,"시작체중 173/121
몸무게는 담주에 병원가야 알수있음..
잘빠지는거 같은데 ㅇㅇ",3,https://gall.dcinside.com/mgallery/board/view/?id=mounjaro&no=111813&page=2
111812,5미리 있는데 이거시작하면 죽음??,마갤러,2026-04-21 00:15:33,275,0,3,"위고비 1.7맞고 2달뒤에 마운자로 5부터 시작하면 힘들어 죽나여 ??
2.5구해서 여기서부터 시작하는게 좋을까요",0,https://gall.dcinside.com/mgallery/board/view/?id=mounjaro&no=111812&page=2
111811,두쫀쿠 마쫀쿠가 뭔가요? 알려줘 응애,마갤러,2026-04-21 00:04:29,234,0,3,"그리고 한달에 1번 주사 맞으면 되는건가요?
주기가 어떻게 되나요",1,https://gall.dcinside.com/mgallery/board/view/?id=mounjaro&no=111811&page=2
111810,기초대사량만큼 먹는데 왜 체중이 느냐?,ㅇㅇ,2026-04-20 23:59:35,462,1,19,기초대사량보다 적게 먹다가 몸에 안 좋을거 같아서 기초대사량만큼 맞추는데 체중 며칠째 올라가네,0,https://gall.dcinside.com/mgallery/board/view/?id=mounjaro&no=111810&page=2
111809,기력 없고 감기 걸리면 몸에서 무리라고 신호 보내는건가,ㅇㅇ,2026-04-20 23:42:16,185,0,5,"몸무게 85 ㅡ> 78
30일차부터 기력이 조금씩 없어지고
엊그제 몸살감기 걸리고 오늘 입 주변 피부 올라왔네
35일차인데 다시 칼로리 올리고 좀 쉬다가 다시 하는걸 추천함?",0,https://gall.dcinside.com/mgallery/board/view/?id=mounjaro&no=111809&page=2
111808,2달차인데 이긴자로대가네 ㅋㅋㅋ,갓정무,2026-04-20 23:41:59,209,0,0,"주사맞아도 아무 렇지도않음 ㅋㅋㅋㅋㅋ
ㅅㅂ 주사 사기당했나 물주사인가",0,https://gall.dcinside.com/mgallery/board/view/?id=mounjaro&no=111808&page=2
111807,몸무게 쑥 빠지고 나면 항상 다시 몸무게 올라갔다가,ㅇㅇ,2026-04-20 23:40:17,190,0,1,"빠지네
기록해놓은 거 보니 항상 똑같음
원리 찾아보니 정상적인 거라고 하긴 하네
신기하노",0,https://gall.dcinside.com/mgallery/board/view/?id=mounjaro&no=111807&page=2
111806,오히려 맛있는거에 집착하게됨,ㅇㅇ,2026-04-20 23:34:24,194,1,2,"얼마 못먹으니까
한끼를 먹더라도 야무지게 맛난걸 먹고싶음
그래서 식비 세이브가 안됨 ㅋ
- dc official App",0,https://gall.dcinside.com/mgallery/board/view/?id=mounjaro&no=111806&page=2
111805,마운자로 24일차 일기,마린이,2026-04-20 23:34:03,205,0,1,"일기장 이거 앱처럼 만들어 보느라 그동안 일기 못 썼음
현재 2.5mg 4펜까지 맞았고 이번 주말에 5mg 투약 예정임
아직까지 2.5mg 효과 괜찮은 것 같은데 5mg 한 번 경험해 보고 싶음
3주차 인바디 결과가 확 좋아져서 기분이 좋음
뭐 인바디가 정확하진 않겠지만 그래도 사람 기분이란 게~
몸무게는 착실히 줄다가 89.9 한 번 찍고 다시 조금 오름
아마 요즘 밤에 자꾸 약속이 잡혀서...
술은 안 마시는데 가면 안주 조금씩 집어먹어서 그런 듯
지난번 배탈(9일차) 이후로 현재까지 특별한 부작용은 없음
변도 잘 나오고 배가 더부룩하거나 불편한 것도 없음
식욕은 확실히 억제되는 편이나
토요일 저녁 투약 기준 목요일 저녁부터 약효가 떨어진 게 느껴짐",1,https://gall.dcinside.com/mgallery/board/view/?id=mounjaro&no=111805&page=2
111804,니네 그거아냐 진짜 뚱뚱하면 살빼란 소리안듣는다,마갤러,2026-04-20 23:29:08,385,0,3,"본인 168 100키로때 뚱뚱하단소리 거의안들음
어쩌다가 눈치사망한 할머니들한테 가끔듣고
한 80되니까 주변에서 저런말마니하더라
이제는 운동도 하고 마운자로도 중간에 해서 키빼몸 114인데 살찌란소리들음
테이퍼링중임
- dc official App",0,https://gall.dcinside.com/mgallery/board/view/?id=mounjaro&no=111804&page=2
111803,2.5 8주차인데 약빨 ㅈㄴ 잘받아,ㅇㅇ,2026-04-20 23:25:06,327,0,4,"감량은 빠른편은 아닌데 (첫주빼고는 주당 1키로)
2.5 로도 1,600 칼로리 겨우 처넣음
일단 12주는 2.5 가려고 하는데 5 궁금하다 정말",0,https://gall.dcinside.com/mgallery/board/view/?id=mounjaro&no=111803&page=2
111802,ㅅㅂ 주사어제맞앗는데 갈비찜먹고싶음,ㅇㅇ,2026-04-20 23:24:36,110,0,3,이래서 먹방보면 안되,0,https://gall.dcinside.com/mgallery/board/view/?id=mounjaro&no=111802&page=2
111801,고열량 정크는 쳐먹기전에 그걸 운동 단위로 한번 치환해보셈,git,2026-04-20 23:24:22,156,0,9,아 맞다 넌 운동 아예 안했으니까 이거에 면역이겠네,2,https://gall.dcinside.com/mgallery/board/view/?id=mounjaro&no=111801&page=2
111800,마운자로하면서 안좋은거 다먹고,마갤러,2026-04-20 23:18:40,229,0,4,"우엑 토했다 마운자로 절대하지마 안좋아
이런애들은 능지박살인가 진짜 저지능인거같음
- dc official App",0,https://gall.dcinside.com/mgallery/board/view/?id=mounjaro&no=111800&page=2
111799,돼지들 다자러갔네 ㄲㅂ,git,2026-04-20 23:16:28,313,0,8,나도 야식으로 잭링크스나 뜯어먹고 자야지,1,https://gall.dcinside.com/mgallery/board/view/?id=mounjaro&no=111799&page=2
111798,마운자로 허벅지에 맞고 달리기 해도 됨?,마갤러,2026-04-20 23:15:54,211,0,6,"이정도는 물어봐도 되자나?
- dc official App",0,https://gall.dcinside.com/mgallery/board/view/?id=mounjaro&no=111798&page=2
111797,근대 왜 난 3키로 빠진 뒤 쭉 정체기지,ㅇㅇ,2026-04-20 23:09:22,238,1,5,"돈 아깝다..
- dc official App",0,https://gall.dcinside.com/mgallery/board/view/?id=mounjaro&no=111797&page=2
111796,오늘 마운자로 처방받으러 약국 가니깐 줄서있더라 이상하게,신이될남자,2026-04-20 23:06:51,336,0,3,"그만큼 재고가 없엇나
나야 선결제 하고 그래서
2.5 1박스랑 5mg 1박스 챙겻는데
69만 들엇음 ㅇㅅㅠ",0,https://gall.dcinside.com/mgallery/board/view/?id=mounjaro&no=111796&page=2
111795,닭가슴살 스팸이란게잇네,ㅇㅇ,2026-04-20 23:06:41,82,0,1,이거 맛잇음?,0,https://gall.dcinside.com/mgallery/board/view/?id=mounjaro&no=111795&page=2
111794,2019년부터 내 체중그래프 공개함,ㅇㅇ,2026-04-20 23:05:30,203,0,1,"1-2년마다 쪘다 뺐다 요요 반복
뺄 때는 체중 자주 재니까 데이터가 많고, 찔 때는 안 재니까 급격히 올라감 ㅋㅋㅋㅋㅋㅋ
마운자로 시작한 최근에도 빠지는 속도는 거의 비슷함.",1,https://gall.dcinside.com/mgallery/board/view/?id=mounjaro&no=111794&page=2
111793,살빠진거 가장 크게 체감되는 부위 어디냐,마갤러,2026-04-20 23:00:07,390,0,9,"얼굴
가슴
똥배
허리 옆구리살
허벅지
엉덩이
종아리
손발
이정도가 단가? 어느 부위가 가장 체감됨?",0,https://gall.dcinside.com/mgallery/board/view/?id=mounjaro&no=111793&page=3
111792,계란찜에 타코시즈닝 어떨까?,inspect2631,2026-04-20 22:56:18,102,0,2,맨날 똑같은맛 질리는대 시즈닝은 살 안찌잖아 맞지?,1,https://gall.dcinside.com/mgallery/board/view/?id=mounjaro&no=111792&page=3
111791,질문) 님들 마운자로 효과가 단순히 식욕억제임?,마갤러,2026-04-20 22:53:27,317,0,8,"아니면 기전 자체가 체지방 억제나 감소 효과를 나타내는거임?
본인 머리로는 그냥 대충 덜먹고 웨이트하면 똑같을 것 같은데 그게 아닌가봄?",0,https://gall.dcinside.com/mgallery/board/view/?id=mounjaro&no=111791&page=3
111790,마운자로 2.5 5 1달씩 후기,ㅇㅇ,2026-04-20 22:52:06,231,0,2,부작용 증상이 전혀 없고 맞기 전 후가 똑같고 정신력으로 버틴다고 말하니까 의사선생님이 도파민 회로 붕괴된거 같다고 중단 권유해서 중단하 ㅅㅂ…,0,https://gall.dcinside.com/mgallery/board/view/?id=mounjaro&no=111790&page=3
111789,진짜 돼지들은 살빼도 옷 안사도 댐,ㅇㅇ,2026-04-20 22:50:32,379,0,5,"어차피 위앤 오버사이즈 입고
아랜 고무줄 입어서
그냥 입던거 입어도 댐
- dc official App",0,https://gall.dcinside.com/mgallery/board/view/?id=mounjaro&no=111789&page=3
111788,유튭 마운자로 경험 의사가 말하길 식단 운동해봤자 요요온대,ㅇㅇ,2026-04-20 22:50:30,354,1,5,"비만은 질병이라 (마운자로) 치료해야하고
자기 책 사야 한다는 얘기인가?",0,https://gall.dcinside.com/mgallery/board/view/?id=mounjaro&no=111788&page=3
111787,정체기 온거 같은데 얼마나 지나야 깨지나요?,마갤러,2026-04-20 22:44:36,182,0,2,"150kg 3개월만에 35키로 빼고 현재 114 115 왔다갔다 거리는데
지난주부터 식단이랑 운동(러닝)했는데 체중이 그대로인데 정체기 온거같은데 얼마나 지나야 깨지나요?
- dc official App",0,https://gall.dcinside.com/mgallery/board/view/?id=mounjaro&no=111787&page=3
111785,못 참겠다,당질제한,2026-04-20 22:42:27,365,0,16,"이 시간에 구구 크러스트 먹는다...
- dc official App",1,https://gall.dcinside.com/mgallery/board/view/?id=mounjaro&no=111785&page=3
111784,키 큰 돼지들은,마갤러,2026-04-20 22:32:27,216,0,4,"mma 해볼생각 안해봤냐
체급이 뒤져서 좀만 배우면 다 패고 다닐텐데
동체급이 별로 없을거 아냐
ufc가면 개털리겠지만 국내 mma 내에서는
적당히만 해도 네임드 될듯",0,https://gall.dcinside.com/mgallery/board/view/?id=mounjaro&no=111784&page=3
111783,근데 살처짐 티나는게 더 빠져야 티남?,ㅇㅇ,2026-04-20 22:32:20,199,0,2,"115>78이고 5달 반좀넘음
튼피부도 있어서 쳐지겠다 각오도했는데 다행히 아직안옴
아니면 아직 20대라 피부회복좋은건가",0,https://gall.dcinside.com/mgallery/board/view/?id=mounjaro&no=111783&page=3
111782,마운자로 시작하고 안좋은점,타우맨,2026-04-20 22:29:44,267,0,3,없어,0,https://gall.dcinside.com/mgallery/board/view/?id=mounjaro&no=111782&page=3
111781,맛있는 것도 좀 먹으면서 살 빼야지,git,2026-04-20 22:29:22,262,1,4,근데 넌 맛있는 것만 먹으려고 하잖아,2,https://gall.dcinside.com/mgallery/board/view/?id=mounjaro&no=111781&page=3
111780,나도 126일때 돼지같다는소리안듣긴함,킹데스,2026-04-20 22:25:55,273,0,12,대머리에 183 이라 내 앞에서 그런소리하기 쉽지않았을것,0,https://gall.dcinside.com/mgallery/board/view/?id=mounjaro&no=111780&page=3
111779,돼지들은 존2 러닝 그거 못한다 보면 댐,ㅇㅇ,2026-04-20 22:22:59,237,0,4,"그냥 좀 걸으면 존2 나옴
- dc official App",0,https://gall.dcinside.com/mgallery/board/view/?id=mounjaro&no=111779&page=3
111778,운동 식단으로 빼면 요요안온다는말이 제일 같잖음,ㅇㅇ,2026-04-20 22:17:28,231,0,3,"20kg 운동 식단으로 빼본적 있는데
스트레스 앞에서 식단 무너지니까 장사없더라 걍 바로 복구함 몇달만에 ㅋㅋㅋㅋㅋㅋㅋ운동을 좆빠지게 했는데도
돈있으면 도움받아서 빼는게 무조건 낫다",0,https://gall.dcinside.com/mgallery/board/view/?id=mounjaro&no=111778&page=3
111776,운동 하고나서 조아진점,ㅇㅇ,2026-04-20 22:13:41,154,0,3,"1. 감기나 잔병치레 업어짐
나 진짜 잘 걸렷엇는대
이번 환절기 쌩쌩해짐
2. 체력이 확실히 조아짐
처음앤 다음날 일애도 지장갈 정도로 힘들엇음
원래는 근대 점심먹고 낮잠 꼭 자야햇는대
요즘은 밤애 덜잔거 아니면 낮잠 안잠
3. 동네 산책하니까 활동 반경 넓어짐
집 회사만 반복하다가
먼가 다른 신선한 자극이 생김
너내도 운동해라
- dc official App",0,https://gall.dcinside.com/mgallery/board/view/?id=mounjaro&no=111776&page=3
111775,오늘의 시 - 여름 옷장,ㅇㅇ,2026-04-20 22:13:34,44,0,0,"햇살이 바닥까지 내려앉는 날,
옷장을 열었다.
반팔들이 먼저 손에 잡혔지만
결국 긴 소매를 꺼냈다.
작년에도, 재작년에도
그랬던 것처럼.
체중계는 거짓말을 하지 않는다.
숫자는 분명 줄었다.
그런데 왜
거울 앞에서는
아직도 시선을 피하는가.
굶음은 살을 가져갔고
운동은 하지 않았으니
남은 몸은
조용히 무너진 집 같았다.
여름은 해마다 온다.
눈부시게, 아무 죄 없이.
나만 또
긴 옷 뒤에
여름을 보낸다.
- dc official App",0,https://gall.dcinside.com/mgallery/board/view/?id=mounjaro&no=111775&page=3
111774,난 101키로일때도 돼지소리는 안들엇음,타우맨,2026-04-20 22:13:22,293,0,7,"그냥 건강한돼지느낌
덩차좋네 이런말을 많이들엇음
키가 181이라 그런가
101이여도 체지방보다 근육이 많이서그랫나
할튼 그랫슴",1,https://gall.dcinside.com/mgallery/board/view/?id=mounjaro&no=111774&page=3
111773,나 고3때 돈벌려고 노가다갔었는데 ㅋㅋ,ㅇㅇ,2026-04-20 22:04:46,102,1,0,"그때 씹돼지라
나 배려한다고 팀장이 막 작은 자재 주워 담는거로 쉬운 일 시킴 ㅋㅋ
근데 일어날때 어지러워서 쓰러졌음 응급실갔음
그 뒤로 다신안감 미안하더라",0,https://gall.dcinside.com/mgallery/board/view/?id=mounjaro&no=111773&page=3
111772,2.5 2주 하고 5.0 시작인데,ㅋ,2026-04-20 22:02:15,123,0,0,제발 구토만 안했으면 좋겠다 증량하고 부작용 글 보니까 무섭내,0,https://gall.dcinside.com/mgallery/board/view/?id=mounjaro&no=111772&page=3
111771,땀복 이거 효과없음?,ㅇㅇ,2026-04-20 22:01:52,235,0,10,"20분 뛰고 쳇찌찌티한테 몇칼로리 빠졌냐니까
수분만 빠졌다고 왜 입냐고 꼽주는데 이새끼 원래이럼?",0,https://gall.dcinside.com/mgallery/board/view/?id=mounjaro&no=111771&page=3
111770,근데 은근 마자갤러중엔 요요 경험해본 사람이 많네,ㅇㅇ,2026-04-20 21:58:19,265,0,4,"군대에서 반강제로 빠진거 제외하면
내 의도로는 난 첫번째 다이어트임,,,
항상 작심삼일이었음,,,
약빨로 지금 두달정도 큰어려움 없이 하고 있는데
나는 순 약빨인거 생각하면 약 없이 감량 경험해본 사람들 대단하다 생각",0,https://gall.dcinside.com/mgallery/board/view/?id=mounjaro&no=111770&page=3
111769,오늘의 시 - '후회',ㅇㅇ,2026-04-20 21:56:33,82,2,3,"여름이 오면 옷이 얇아지고
얇아진 옷 사이로
숨길 수 없는 것들이 드러난다
체중계 바늘은 내렸는데
거울 속 나는
왜 아직도 그대로인가
굶음으로 뺀 살은
근육도 함께 데려갔고
남은 건 숫자뿐
몸은 여전히 낯설다
처음부터 했더라면
2년이면 됐을 것을
지금 시작하면 4년
몸은 이자를 받는다
후회는 늘 늦게 온다
거울 앞에서
한 계절이 지나고 나서야
- dc official App",0,https://gall.dcinside.com/mgallery/board/view/?id=mounjaro&no=111769&page=3
111768,확실히 운동하면 체력이 느는 듯,ㅇㅇ,2026-04-20 21:45:06,270,0,10,"난 퇴근할 때 집압 공원애서 5분정도 산책함
너네도 운동해바
- dc official App",0,https://gall.dcinside.com/mgallery/board/view/?id=mounjaro&no=111768&page=3
111767,한20키로빼니까 좋은점,ㅇㅇ,2026-04-20 21:41:47,347,0,3,"체력 개좋아져서
물류창고 알바 ㅈ밥됨
돼지일때? 한번가봤는데 진짜 죽는줄알았음
요새 살뺄겸 좀빡세게 운동하고싶을때 취미로다님
난생처음 일잘한다 소리듣고다님",0,https://gall.dcinside.com/mgallery/board/view/?id=mounjaro&no=111767&page=3
111766,위고비 1년하다가 바로 5.0 맞은 사람 후기,마갤러,2026-04-20 21:41:11,436,1,5,"일단 위고비 할 때는 부작용이 좀 많았음
그 중 가장 큰 두가지를 꼽자면
1. 구역감 (이건 동일하지만 마운자로가 좀 덜함)
2. 갑자기 배 ㅈㄴ아픔
인데
마운자로로 갈아탔는데 일단 구역감은 훨씬 덜함
근데 음식은 더 안들어가는 느낌? 체감상 위고비보다 효과 좋음
그 외 부작용은 딱히 없는듯 변비정도? 이건 뭐 야채 많이 먹어야지
일단 ㅈㄴ 만족
근데 위고비 1년하면서 주사놓을 때 피 본 적이 없는데
이건 뭐 맞을 때마다 피가 줄줄줄 나냐;; 존나 당황스러움",0,https://gall.dcinside.com/mgallery/board/view/?id=mounjaro&no=111766&page=3
111765,운동 식단없이 살빼는건 진짜 멍청한 짓임..,ㅇㅇ,2026-04-20 21:41:09,313,2,3,"체중 빠지는 건 5개월이면 됨
근데 관리안하고 체중만 뺀 상태로 눈바디를 바꾸려하면
최소 2년이 걸림 ㅋㅋ
숫자는 금방 바뀌는데
거울은 왜 여전히 실망스럽냐-> 근육이 없으니까
식단만 해서 뺀 몸 = 작아진 뚱뚱이
옷 벗으면 답 없는 건 똑같음
거기다 그 상태에서 다시 근육 만들려면
처음부터 운동했을 때보다 1.5~2배는 더 걸림
몸이 이미 근육 없는 환경에 적응해버렸으니까ㅋㅋ
체중계 숫자는 누구나 뺄 수 있음
근데 ""몸 좋아졌다"" 소리는 운동한 사람만 들음
후회는 빠르고 회복은 느림 ㅋ
- dc official App",0,https://gall.dcinside.com/mgallery/board/view/?id=mounjaro&no=111765&page=3
111764,다음주부터 2주간 출장 ㄹㅇ 잣댔음 ㅋㅋ,ㅇㅇ,2026-04-20 21:35:22,233,0,7,"사실 출장이라는 이름의
무한으로 주고 받는 접대 불지옥 및 으르신들 시다바리짓 하러 가는거
당연 식단 못하고 술도 마심,,,
제발 2주간 유지라도 했음 좋겠는데 찔듯 ㅋㅋ
ㅜㅜ",0,https://gall.dcinside.com/mgallery/board/view/?id=mounjaro&no=111764&page=3
111763,오늘 식단이랑 운동 봐줘,마갤러,2026-04-20 21:34:38,134,0,1,"운동은 땅크부부꺼 보고 따라했어
동작 쉬워보여서 따라했다가 진짜 큰코 다칠 뻔 ㅋㅋㅋㅋ
밥은 좀 적게 먹은 거 같은데
배불러서 더 못먹어...
칭찬 또는 따끔 충고 부탁",2,https://gall.dcinside.com/mgallery/board/view/?id=mounjaro&no=111763&page=3
111762,늙으니까 살안빠진다,ㅇㅇ,2026-04-20 21:33:56,184,0,3,"85>65>99>68
두번빼봣는데
지금 94에서 도저히 못하겠어서 마운자로 받아봄
10대떄 한번 20대때 한번
이제 30대떄 한번이네 힘들다",0,https://gall.dcinside.com/mgallery/board/view/?id=mounjaro&no=111762&page=3
111761,이런 닭 가슴살 도움될까요 ?,마갤러,2026-04-20 21:33:12,262,0,7,,1,https://gall.dcinside.com/mgallery/board/view/?id=mounjaro&no=111761&page=3
111760,다이어트 하다보니깐 먹방BJ들 기괴해졌어,ㅇㅇ,2026-04-20 21:31:55,249,0,3,"어떻게 저 칼로리~탄수화물을 한끼에 다먹지?건강은?
이런생각들더라
- dc official App",0,https://gall.dcinside.com/mgallery/board/view/?id=mounjaro&no=111760&page=3
111759,확실히근데 안먹으니 감기도오래감,킹데스,2026-04-20 21:30:30,87,0,2,"근데 먹고싶어도 배가부름
뭔가 든든히먹고자면 나을거같은데
이미 배가부름",0,https://gall.dcinside.com/mgallery/board/view/?id=mounjaro&no=111759&page=3
111758,입심심하다식욕터진다 이런애들은 주사도 주산데 정신병원가봐라,ㅇㅇ,2026-04-20 21:26:54,243,0,7,"호르몬 직빵으로 꽂아서 억제하는건데
그걸 이기는거면
내생각엔 물리적인게아니라 심인적인거임
정신병단걔라는거지
아래 피자한판 쳐먹엇다는새기나
같은 약꽂고잇는거 맞나 의심감 ㄹㅇ",0,https://gall.dcinside.com/mgallery/board/view/?id=mounjaro&no=111758&page=3
111757,마운자로 실비 관련 질문 있습니다,마갤러,2026-04-20 21:21:32,199,0,9,"+
안녕하세요 궁금한 점이 있어요!
보통 마운자로 처방하는데 처방료가 1-2만원 정도하잖아요
그렇게 되는 이유는 진료가 건강보험이 되지 않고 '일반'이어서
비급여로 비싸게 받을 수 있는 것 같은데
혹시 고혈압 당뇨로 마운자로 처방 받으시는 분들은 건강보험으로 진료 받으시는건가요?
그럼 혹시 진료비가 몇 천원 단위로 나오나요?
이렇게 되면 병원입장에서는 마운자로를 처방 잘 안해주려고 할 것 같은데 병원은 어떻게 찾으셨나요??
저는 1세대 실비여서 비만으로도 실비를 받을 수가 있는데
진료비가 '건강보험'이 찍혀서 나오지 않고 '일반'으로 나와서 40%밖에 보장을 받지 못할 것 같아요
그래서 고지혈증이나 지방간 같은 내용으로 건강보험 진료를 보고
마운자로를 처방 받고 싶은데 그럼 병원들이 안해줄 것 같아서 걱정입니다. ㅜㅜ
그리고 이미 '비만'으로 실비를 받긴했는데
이건 얘네가 서류를 제대로 확인을 안하고 준거라
'일반'으로 나오는지 모르는 것 같아요
나중에 준 돈 환수 당할까봐 무서워요..ㅜㅜ
+",0,https://gall.dcinside.com/mgallery/board/view/?id=mounjaro&no=111757&page=3
111756,라라스윗 간식 괜찮나요?,ㅇㅇ,2026-04-20 21:16:17,310,0,16,저당간식들,0,https://gall.dcinside.com/mgallery/board/view/?id=mounjaro&no=111756&page=3
111755,ㄷㅂ 1세대 실비자로 맞는사람 있냐,마갤러,2026-04-20 21:15:12,132,0,1,"당화혈색소6.9로 당뇨확진 받고 현재 당화혈색소 6인데 ㄷㅂ 1세대 실비자로 가능할까?
동네병원에서 실비 청구 할수 있게끔 소견서 잘 써주는지 아님 따로 잘해주는 병원을 찾아가야할까?",0,https://gall.dcinside.com/mgallery/board/view/?id=mounjaro&no=111755&page=3
111754,마운자로 맞고 상태창생겼다,ㅇㅇ,2026-04-20 21:10:09,258,0,5,"상태창! 외쳤더니
경도비만
체지방률 24%
골격근 32kg
마운자로 체내농도 7.5ml
보이네",0,https://gall.dcinside.com/mgallery/board/view/?id=mounjaro&no=111754&page=3
111753,냉동 목살 누린내 어케 뺌?,마갤러,2026-04-20 21:07:25,232,0,21,"이마트 5k 로 싸기에 3팩 사왔는데 누린내 때문에 구역질 나와서 1팩 먹고 그대로 보관 중
그간 샤브샤브로 먹고, 구워도 봤고, 전자레인지로 익혀보고 심지어 마녀수프 만들때 넣어도 봤는데 뭘 해도 누린내가 나서
마녀수프할 땐 카레 한팩 다 써도 누린내가 안 없어지더라
싼거라 누린내가 나는 거냐. 아님 원래 냉동고기는 누린내가 나는 거냐.
싸다고 괜히 많이 사왔어",0,https://gall.dcinside.com/mgallery/board/view/?id=mounjaro&no=111753&page=3
111752,내일 2.5쫀쿠 첨 받으러가서 맥주칠링중,마갤러,2026-04-20 21:07:13,59,1,0,오늘 맘편히 먹고 낼부터 시작이다 ㅋ,0,https://gall.dcinside.com/mgallery/board/view/?id=mounjaro&no=111752&page=3
111751,급격히 살빠져서 요즘 조절하는중,ㅇㅇ,2026-04-20 21:05:13,134,0,1,"2.5한달만에 90에서 84로 빠지니까 면역력이 약해져서 안먹을수 있는데 억지로 든든하게 챙겨 먹는중
감기 낫는데 2주나 걸렸네",0,https://gall.dcinside.com/mgallery/board/view/?id=mounjaro&no=111751&page=3
111750,식욕억제 잘되는데 왜 퇴근하면 입터지냐,ㅇㅇ,2026-04-20 21:04:30,267,0,12,몸무게 제자리네 계속,0,https://gall.dcinside.com/mgallery/board/view/?id=mounjaro&no=111750&page=3
111749,다이어트는 역시,빙빙빙,2026-04-20 21:04:05,271,1,6,"시간 날때 뛰다 걷다
좋아하는 노래들으며
경치보기",3,https://gall.dcinside.com/mgallery/board/view/?id=mounjaro&no=111749&page=3
111748,그릭메이커 어떤거 씀?,마갤러,2026-04-20 20:55:58,138,0,11,베어그릭스가 젤 낫나? 처음이라 가성비 괜찮은걸로 사고 싶은데 어렵네,0,https://gall.dcinside.com/mgallery/board/view/?id=mounjaro&no=111748&page=3
111747,얼굴부터 빠지는거 맞음?,마갤러,2026-04-20 20:53:35,255,0,5,그냥 대가리가 큰건가.. 얼굴은 안 줄어드네,0,https://gall.dcinside.com/mgallery/board/view/?id=mounjaro&no=111747&page=3
111746,보통 물 얼마나 마셔야해?,ㅇㅇ,2026-04-20 20:48:10,231,0,6,"그냥 하루 2리터 먹는데
소변 계속 노란거보면 더 마셔야되나
근데 또 그럼 신장 안좋아진다하고",0,https://gall.dcinside.com/mgallery/board/view/?id=mounjaro&no=111746&page=3
111745,위고비 제네릭 맞아본사람,주먹을들기전에,2026-04-20 20:44:50,328,0,6,위고비랑 비교해서 어떤지,1,https://gall.dcinside.com/mgallery/board/view/?id=mounjaro&no=111745&page=3
111744,2.5일때는 배달욕구0 군것질욕구0인데 5하고 나니 식욕 개돋음,마갤러,2026-04-20 20:42:54,139,0,1,"ㅈㄱㄴ
2.5 두달 할때는 밥생각도 안들고 부작용 0 이고 그랬는데
5 이번에 첫 펜 꽂고 4일째인데 근육통 첫날부터 개오지고
오늘 두달만에 처음으로 편의점가서 과자 두개 구매함 ‘먹고싶어서’
이럴수가 있나;;",0,https://gall.dcinside.com/mgallery/board/view/?id=mounjaro&no=111744&page=3
111743,싸이부기 반 먹으니까,모두좋아해,2026-04-20 20:42:44,54,0,0,"식욕 확 떨어지고 배부르네
- dc official App",0,https://gall.dcinside.com/mgallery/board/view/?id=mounjaro&no=111743&page=4
111742,운동 병행하려면 탄수화물도 공격적으로 먹어라..,평속20따리,2026-04-20 20:40:36,355,0,8,"어제 마운자로 6일차때
6일동안 극 저탄수식단 했는데
몸에 힘이 안들어가서 러닝 포기..
처음 느껴보는 무기력함이었음
그러고 어제 저녁 의식적으로 치팅해봄
그래서 어제 한 3000칼로리쯤 먹은 것 같고
오늘 다시 러닝 테스트해봤는데 100%는 아니지만 어제처럼
심장은 편안한데 다리에 힘이 안 들어가는 현상은 없었음
확실히 우리 몸의 연료는 탄수화물이나 당 (글리코겐) 인둣
마쫀쿠 먹는다고 무조건 굶고 단백질만 신경쓰기보단 의식적으로 당 탄수 채워주몀서 은동 병행하는게 나을거강아
화이팅!
- dc official App",2,https://gall.dcinside.com/mgallery/board/view/?id=mounjaro&no=111742&page=4
111741,님들 저 100kg인데 이정도면 살처짐 무조건 옴?,마갤러,2026-04-20 20:39:45,307,0,10,"참고로 키160이어서 초고도비만이고 20대 후반임
살성은 단단한거 같긴한데 팔뚝쪽은 말랑함
이정도면 아무리 천천히 빼도 살처짐옴??ㅠㅠ
미리 수술비 모아두는게 좋음?",0,https://gall.dcinside.com/mgallery/board/view/?id=mounjaro&no=111741&page=4
111740,오늘 선선하니 식후에 걷기좋네요,마뚱뚱이,2026-04-20 20:38:44,80,1,2,2km 빠르게 걷고 강아지랑 산책 한바퀴하고 왔습니다,1,https://gall.dcinside.com/mgallery/board/view/?id=mounjaro&no=111740&page=4
111739,살 뒤지게 잘 빠지는 운동,마갤러,2026-04-20 20:37:39,327,0,6,"은 자전거
시간당 효율로 보면 자전거 압살하는 운동들 많은데
자전거 장점이 주욱 지속할 수 있다는 거임
그래서 돼지들 괜히 바로 뛰었다가 무릎 작살나니
주에 2-3 번 자전거 2시간이상씩 타서 체중 줄여놓고
런닝하는게 제일 좋은듯
마쫀쿠에 자전거 조합하니까 효율 씹상타치",0,https://gall.dcinside.com/mgallery/board/view/?id=mounjaro&no=111739&page=4
111738,순대시키면오는 돼지내장같은거 먹는건 어떰?,마갤러,2026-04-20 20:35:31,164,0,8,간 겁나 땡기는데 내장만 따로 파는거 사서 먹어도 되나 성분 괜찮으려나 모르겠네,0,https://gall.dcinside.com/mgallery/board/view/?id=mounjaro&no=111738&page=4
111737,260420 오운완,마운자로헬린,2026-04-20 20:32:35,103,0,6,"루틴 (점심)
월요일, 4월 20, 2026 1:05오후
인클라인 트레드밀
세트 1: 2.3 km - 30min 0s
천국의 계단
세트 1: 56 층 - 30min 0s
인클라인 트레드밀
세트 1: 2.3 km - 30min 0s
시티드 레그 프레스 (매트릭스-벌사)
세트 1: 63 kg x 12 [워밍업]
세트 2: 75 kg x 12 [워밍업]
세트 3: 143 kg x 19
세트 4: 143 kg x 15
카프 프레스 (매트릭스-벌사)
세트 1: 143 kg x 20
세트 2: 143 kg x 16
루틴 (저녁)
월요일, 4월 20, 2026 7:04오후
스트레칭
""10""
세트 1: 5min 0s
로우 로우 (해머 스트렝스-ISO)
세트 1: 20 kg x 12 [워밍업]
세트 2: 40 kg x 15
세트 3: 40 kg x 12
체스트 프레스 (해머 스트렝스-ISO)
""3""
세트 1: 10 kg x 12 [워밍업]
세트 2: 20 kg x 15
세트 3: 20 kg x 11
숄더 프레스 (뉴텍-온힘)
세트 1: 20 kg x 15
리버스 펙덱 플라이 (뉴텍-온힘)
세트 1: 15 kg x 15
스탠딩 레터럴 레이즈 (뉴텍-온힘)
세트 1: 10 kg x 13
링크 아우터 싸이 (렉스코-마스터 프로)
세트 1: 30 kg x 20
세트 2: 30 kg x 16
라잉 레그 컬 (뉴텍-온힘)
세트 1: 30 kg x 16
세트 2: 30 kg x 13
프리처 컬 (뉴텍-온힘)
세트 1: 30 kg x 18
푸쉬 다운
세트 1: 30 kg x 20
디클라인 크런치
세트 1: 15 회
백 익스텐션 (하이퍼익스텐션)
세트 1: 11 회
인클라인 트레드밀
세트 1: 2.2 km - 15min 0s
호우~~~~",6,https://gall.dcinside.com/mgallery/board/view/?id=mounjaro&no=111737&page=4
111736,단백질 먹는다,ㅇㅇ,2026-04-20 20:29:26,201,2,5,"아롱사태 수육
집에서 삶았는데 질기고 맛없음 이슈",1,https://gall.dcinside.com/mgallery/board/view/?id=mounjaro&no=111736&page=4
111735,체내농도 쌓이니 배가 안 꺼지노,ㅇㅇ,2026-04-20 20:29:01,85,0,0,11시 3시반 두끼 먹는데 11시꺼 안 내려가,1,https://gall.dcinside.com/mgallery/board/view/?id=mounjaro&no=111735&page=4
111734,위 에서 마 넘어오자마자 근육통 오짐;;,마갤러,2026-04-20 20:28:56,73,0,0,"위고비 0.25 4주 0.5 8주 총 12주 맞음
5킬로 빠져서 효과좀 느린거 같아 마운으로 넘어옴
어제 밤에 맞았는데 근육통 오지네..
위고비 저용량만 맞아서 딱히 부작용은 없었어서
괜히 왔나 싶기도 하고;;
근데 2.5 8주치 처방받아서 일단 다 맞아본다....",0,https://gall.dcinside.com/mgallery/board/view/?id=mounjaro&no=111734&page=4
111733,이제 증량 해야되는거냐,ㅇㅇ,2026-04-20 20:28:33,209,0,6,"운동하고 왔더니 이게 다 먹어지네
달걀은 안 먹었음
- dc official App",1,https://gall.dcinside.com/mgallery/board/view/?id=mounjaro&no=111733&page=4
111732,탄수 제한 해야돼??,ㅇㅇ,2026-04-20 20:27:12,273,1,13,"걍 병원 가서 살빼고 싶어서 마운자로 맞고 싶은데요 하니까
키 몸무게 물어보고 바로 처방전 받아가세요 해가지고
뭐 따로 설명 들은게 없는데
밑에 저당 음료 먹어도 되냐는 글도 있고 뭔가 식단 얘기가 많네",0,https://gall.dcinside.com/mgallery/board/view/?id=mounjaro&no=111732&page=4
111731,살빠지니 다 좋은데 옷을 다 버려야하네,마갤러,2026-04-20 20:26:18,312,0,9,"행복한 고민이긴 하네
싼거만 사서 다행이었음",1,https://gall.dcinside.com/mgallery/board/view/?id=mounjaro&no=111731&page=4
111730,마운자로5 5펜부터 효과 어떰??,마갤러,2026-04-20 20:25:30,186,0,5,"지금 4펜짼데 너무 배고파ㅠㅠ
- dc official App",0,https://gall.dcinside.com/mgallery/board/view/?id=mounjaro&no=111730&page=4
111729,단쉐먹는중,마갤러,2026-04-20 20:21:57,139,0,12,"프로티원 곡물맛 먹는데
저번에 두유랑 섞어먹었을때는 구역질 했는데
물넣으니까 훨 낫다
맛 좀 덜한 미숫갸루같음
- dc official App",0,https://gall.dcinside.com/mgallery/board/view/?id=mounjaro&no=111729&page=4
111727,마운자로 2.5 맞다가 지금 5짜리 맞았는데,마갤러,2026-04-20 20:18:04,145,0,0,"2월말에 처음 2.5 맞았는데, 그 다음날부터 2일동안 장염 걸린것처럼 아픔
지금생각해보면 진짜 장염인것같긴 한데 그거말고 부작용 전혀 없었음
그 이후로 첫달에 9킬로 빠지고
2달째 4킬로
3달째 2킬로
이정도 빠지니까 의사가 5증량하자 해서 지금 5 맞았는데
맞은지 1시간지나니까 속 살짝 메스꺼운데 이거 더 심해지지 않겠지 ?
목표체중 약 8킬로 남았는데 부작용 무섭네",0,https://gall.dcinside.com/mgallery/board/view/?id=mounjaro&no=111727&page=4
111726,병원 움기려는데 질문좀,마갤러,2026-04-20 20:17:21,141,0,4,"원래 다니던곳에서 맘에 안들어서
ㄷㅌㄴㅇ 어플에 나와있는곳 예약 안하고 그냥 가려는데
빠꾸먹거나 그런거없지?
171 94.5
1월 2.5
2월 5.0
3월 5.0
4월 5.0
진행중 현재 76.6 17키로감량
- dc official App",0,https://gall.dcinside.com/mgallery/board/view/?id=mounjaro&no=111726&page=4
111725,5쫀쿠 먹은지 3일됐는데 구토 탈수 어떡함?,치유,2026-04-20 20:15:48,88,0,0,"안맞는건가ㅠㅠ
- dc official App",0,https://gall.dcinside.com/mgallery/board/view/?id=mounjaro&no=111725&page=4
111724,배고피죽겠음 약빨떨어지니,마갤러,2026-04-20 20:15:25,45,0,0,"다시 폭식하고싶어짐..
이것저것
맛있는거 먹고싶어ㅠㅠ
실제론 예전처럼 많이는 못먹겠지만 ..
- dc official App",0,https://gall.dcinside.com/mgallery/board/view/?id=mounjaro&no=111724&page=4
111723,이정도면 이긴자로임?,마갤러,2026-04-20 20:14:51,214,0,4,"175/85(원래 90이었는데 운동식단해서 한달 5키로 뺌
근데 이렇게 빼도 6개월이면 1키로씩 쪄서 도루묵되길래 자로의 도움을 받아보고자 함 ㅇㅇ 5키로빼고 5키로찌는게 3년내내 반복됨)
잡소리가 길었는데 여튼 첨 맞은지 4일째인데(2.5)
오늘
고구마 200 뻥튀기 50 천혜향 100
단백질쉐이크 100
단백질쉐이크 100 토마토카프레제 300
간장참기름밥 200
계란4에그스크렘블 400 토마토카프레제 300
단백질쉐이크 100
이렇게 먹음
뒤에 적은 숫자는 칼로리
나는 왜 배가 빨리차고 배 안고프고 이런 느낌이 안들지
솔직히 저녁에 햄버거 하나 더먹는거 ㅈㄴ가능이었는데 약값 아까워서 안먹었음
체내에 약 쌓이는 기간이 있어서 좀 기다려야된다고도 본거같은데 언제쯤 식욕 잡힐까",0,https://gall.dcinside.com/mgallery/board/view/?id=mounjaro&no=111723&page=4
111722,그릭 식단에 자주 포함 시키니 화장실 잘 가게 됨,성공한런붕이,2026-04-20 20:11:00,43,0,0,"일정시간 무조건 배아파서 쾌변보네
굿",0,https://gall.dcinside.com/mgallery/board/view/?id=mounjaro&no=111722&page=4
111721,정체기 << 평균적으로 체중의 16% 뺐을때 온대,ㅇㅇ,2026-04-20 20:08:35,403,1,7,나는 그래서 아직 안왔나봐,0,https://gall.dcinside.com/mgallery/board/view/?id=mounjaro&no=111721&page=4
111720,다들 체중 몇으로 시작하고 얼마나 뺌?,ㅇㅇ,2026-04-20 20:03:36,299,0,12,궁금해,0,https://gall.dcinside.com/mgallery/board/view/?id=mounjaro&no=111720&page=4
111719,마운자로 시작후 처음으로 라면 1개 다먹음,ㅇㅇ,2026-04-20 20:03:33,73,0,0,"짜파게티 한개에 계란후라이 2개먹었는데
소화안되고 체한것처럼 배아픔.
- dc official App",0,https://gall.dcinside.com/mgallery/board/view/?id=mounjaro&no=111719&page=4
111718,"나도 오늘부로 딱 2달째인데 슬슬 방해요소들이 몰려오네,,,",ㅇㅇ,2026-04-20 20:03:29,241,0,6,"이번주에 야구장이랑 해외여행가고
다음주에는 회식이랑 국내여행 두개 잡힘
그 외에 식사들은 최대한 클린하게 먹고
비는 날에 러닝하는것이 목표!",1,https://gall.dcinside.com/mgallery/board/view/?id=mounjaro&no=111718&page=4
111717,4주 됐는데,모두좋아해,2026-04-20 20:02:03,83,1,2,"근육 지키면서
99.8 에서 95.1 됗는데
평타는 친거임?
- dc official App",0,https://gall.dcinside.com/mgallery/board/view/?id=mounjaro&no=111717&page=4
111716,벤티 저당메뉴 마셔도 괜찮은가?,ㅇㅇ,2026-04-20 20:00:52,116,0,3,당 20g이던데,0,https://gall.dcinside.com/mgallery/board/view/?id=mounjaro&no=111716&page=4
111715,정체기라고 판단하긴 아직 이른가?,ㅇㅇ,2026-04-20 20:00:49,181,0,10,"마쫀꾸 7주차 5미리 맞는중인데
매주 1키로씩은 내려가더니
5일째 체중 변화 없음
정채기라고 하긴 아직 이른가?
초반에 숫자 내려가는 재미 보다가 멈추니까 쪼매 조급해지네?",0,https://gall.dcinside.com/mgallery/board/view/?id=mounjaro&no=111715&page=4
111714,급찐 마운자로로 빠지겠지?,ㅇㅇ,2026-04-20 19:56:36,156,0,3,"두달만에 5키로 쪘어 오늘 2.5받아서 첫주사 했는데 별느낌 안드네
바늘 찌른 부분만 조금 얼얼한 느낌임",0,https://gall.dcinside.com/mgallery/board/view/?id=mounjaro&no=111714&page=4
111713,아 연어장 먹고싶다,마갤러,2026-04-20 19:54:53,36,0,0,"내가 정말 기가막히게 만들거든?  진짜 연어장에 양파, 땡초, 연어 잔뜩 잡아넣어서
따뜻한 흰밥 한숟가락 뜨고 그위에 연어 하나~ 양파하나~ 땡초 하나~ 올려서 한입먹으면
극락이야진짜. 소스좀더 여유있게 만들었으면 거기에 반숙계란 15개정도 사서 소스담궈두고 하루이틀 뒤에 먹으면
ㅅㅂ 미친맛이지.
아 맛있겟다 연어장",0,https://gall.dcinside.com/mgallery/board/view/?id=mounjaro&no=111713&page=4
111712,오늘 딱 2달차 인데..  정체기인가,ㅇㅇ,2026-04-20 19:52:07,177,0,5,"2.5한달 5짜리 한달
시작은 2월25에 시작함
근데 몸무게 마붕이들처럼 10키로씩 안빠지네..
내일 5짜리 받으러 갈껀데",1,https://gall.dcinside.com/mgallery/board/view/?id=mounjaro&no=111712&page=4
111711,연어는 노도시 이런곳가면 kg 2.x만원 이런식으로해서 팔거든,킹데스,2026-04-20 19:50:28,147,0,6,"짤은 다른곳인데
암튼 노도시라고 사이트있는데 거기는 2kg 팔던가그럴거임
이렇게 구매하는사람들많아서 알아서 그 중매인들이 쪼개가지고 파는거있으니까
잘 찾아서 구매해보셈
생각보다 쌉니다
한마리말고 필렛으로 파는게있음. 좀더비싸긴한데",1,https://gall.dcinside.com/mgallery/board/view/?id=mounjaro&no=111711&page=4
111710,살처짐 ㅈㄴ 걱정되서 찾아봤는데,ㅇㅇ,2026-04-20 19:49:14,248,0,5,"케바케는 맞는거같다
물론 천천히 빼면은 덜 처지는 것 같기는 한데 처질 사람은 처지는 듯
일단 젊을 때 빼면 확률이 낮아 지는 거는 맞는 듯
그래도 안 빼는 것보다는 나으니까 일단 다 빼고 처지면 거상 하던가 해야지",0,https://gall.dcinside.com/mgallery/board/view/?id=mounjaro&no=111710&page=4
111709,배불러서 남김,끝을잡고,2026-04-20 19:47:44,86,0,1,"그릭요거트랑  치킨무남김
오늘주사꼽는날임
- dc official App",1,https://gall.dcinside.com/mgallery/board/view/?id=mounjaro&no=111709&page=4
111708,굽네 고추바사삭 닭가슴살 100% 후기,ㅇㅇ,2026-04-20 19:45:38,318,1,6,"이 새끼들 요즘 마운자로 유행한다고 이거 낸건지
궁금해서 시켜봤는데 남은거 다 동생한테 떠넘김
시켜먹는 치킨은 그냥 맛있는 거 먹으셈
저기 보이는 모든 살이 순수 가슴살
뼈 없음",1,https://gall.dcinside.com/mgallery/board/view/?id=mounjaro&no=111708&page=4
111707,연어가 생각보다 싸구나...,경진격,2026-04-20 19:45:13,272,0,21,"몸통 + 뱃살이 38,000원정도네
1주에 2번 1끼에 200g씩 먹는다면
2.5주 먹누?",1,https://gall.dcinside.com/mgallery/board/view/?id=mounjaro&no=111707&page=4
111706,반숙달걀은 왜케 안까지냐,끝을잡고,2026-04-20 19:44:27,105,0,2,"구운달걀은 쉽게까지는데
- dc official App",1,https://gall.dcinside.com/mgallery/board/view/?id=mounjaro&no=111706&page=4
111705,나도 초절식 하고싶긔,ㅇㅇ,2026-04-20 19:40:41,139,0,4,"근데 탄수 좀 줄였다고 바로 기립성저혈압 심하게 떠서 일상생활이 불가능해지더라 진짜 쓰러질 뻔함
초절식도 몸이 받쳐줘야 하는 거다
강제로 탄수 적당히 먹고 적당히 단백질 챙기는 슬로우 식단 하는 중...",0,https://gall.dcinside.com/mgallery/board/view/?id=mounjaro&no=111705&page=4
111704,한상차림 묵는다 ㅅㅂ,끝을잡고,2026-04-20 19:36:49,208,0,11,"600칼로리쯤될즛
- dc official App",1,https://gall.dcinside.com/mgallery/board/view/?id=mounjaro&no=111704&page=4
111703,씹돼지분들 착각하시는 게 있는데;;,마갤러,2026-04-20 19:36:45,1025,26,9,"뭐 근육이 줄어든다느니 요요가 와서 몸 씹창난다느니 걱정해봐야
현재 당신 몸상태보다 안 좋을 수가 없으니까
마음 편히 살부터 빼세요",0,https://gall.dcinside.com/mgallery/board/view/?id=mounjaro&no=111703&page=4
111702,내일 점심 저녁은 포케다,경진격,2026-04-20 19:35:27,132,1,5,"9,540원
최소 4번은 먹을듯?",1,https://gall.dcinside.com/mgallery/board/view/?id=mounjaro&no=111702&page=4
111701,나 20키로 살 찌기 전에 이쁘단 말 진짜 많이 들음,마갤러,2026-04-20 19:35:08,384,1,21,"나 고백도 많이 받고
그래서 내가 정말로 긁지 않는 복권 맞음 ㅋㅋㅋ
특히 살찌기 전에 고백 많이 받았고 잘 사귀었음
각종 스트레스로 살이 쪘지만
이제 빨리 빼야지. 여름때 사놓은 옷 다 입고 댕겨야지 ㅠㅠ",0,https://gall.dcinside.com/mgallery/board/view/?id=mounjaro&no=111701&page=4
111700,금요일 구운치킨을 위하여,ㅇㅇ,2026-04-20 19:34:06,36,0,0,"후
- dc official App",0,https://gall.dcinside.com/mgallery/board/view/?id=mounjaro&no=111700&page=4
111699,49키로 뺀 돼지 진짜 대단하다 계란 2개 방울토마토 먹고 5개월,마갤러,2026-04-20 19:27:01,291,0,8,"진짜 그정도 의지라면 뭘 해도 될  사람 아님??
나는 식단은 그렇게는 못하겠어 ㅠㅠ",0,https://gall.dcinside.com/mgallery/board/view/?id=mounjaro&no=111699&page=4
111698,마운자로 맞고 먹을게 안 넘어감...,마갤러,2026-04-20 19:24:22,264,0,12,"177 104키로 뚱돼지인데
마운자로 5맞고 있는데 먹을게 안 넘어감..
칼로리 1700정도,기초대사량 이상은 무조건 먹어야 요요 안 온다고 하는데
아침은 안먹고 점심 저녁만 먹고있는데 도합 1200칼로리정도 먹으면 더 이상 못먹겠어..
이러다 절식으로 근육 다 빠지고 요요 오는거 아닐까 너무 무서운데 어떻게 해야할까..?
용량을 다시 줄여야 하는건가",0,https://gall.dcinside.com/mgallery/board/view/?id=mounjaro&no=111698&page=4
111697,너넨 이거 되냐,마갤러,2026-04-20 19:23:43,125,0,2,"다리꼬기
언제부턴가 되네  ㅋㅋ
마쫀쿠는 신이야",0,https://gall.dcinside.com/mgallery/board/view/?id=mounjaro&no=111697&page=4
111696,날씨앱 ㅅㅂ,마갤러,2026-04-20 19:18:38,143,0,3,"날 암살하려고 하네
ㅈㄴ 당당하게 달리기에 적당하다고 하냐
ㅅㅂ럼이",1,https://gall.dcinside.com/mgallery/board/view/?id=mounjaro&no=111696&page=4
111695,다이어트중 구내염생긴사람 잇냐?,ㅇㅇ,2026-04-20 19:17:04,95,0,5,"와 조금 피곤했다고 역대급으로 입안 씹창낫어
그 하얀 구내염 상처 7개났다
바로 비타민시킴..
단백질만 챙기고 다른 영양제 소홀히했더니 이런듯",0,https://gall.dcinside.com/mgallery/board/view/?id=mounjaro&no=111695&page=4
111694,식사기록 17일차,마뚱뚱이,2026-04-20 19:16:05,96,0,3,맛저하셔요~,2,https://gall.dcinside.com/mgallery/board/view/?id=mounjaro&no=111694&page=4
111693,하도 살 안빠져서 허리둘래 재밧는대,ㅇㅇ,2026-04-20 19:10:48,332,0,15,"42.5인치 나오는대 이거 맛냐
재는 법이 따로 잇는건가
173 / 84~5kg나옴",0,https://gall.dcinside.com/mgallery/board/view/?id=mounjaro&no=111693&page=5
111692,5mg 4일차 누적31일차 @@,마갤러,2026-04-20 19:09:58,101,0,0,"와 드디어 입맛이 없다는걸 느꼈다. 원래 저녁 두부300 닭가슴살 100g 크림소스 100g에 이번엔 소고기 다진거 85g정도 넣었는데
우와............... 2/3정도 먹고 아 못먹겠다 하고 숟가락 내려둠. 기분이 좋네 뭔가 하고있다는게 느껴져
그리고 밥먹기전 속세에 찌들어 있었을때 먹으려고 사둔 냉동실에 있던 레토르트,각종음식들 싹다 버림.
그중에 진짜 이건 도저히 못버리겠다 싶은거. 쭈꾸미볶음, 쫄면+족발세트, 오리주물럭 이건 못버리겠더라 ㅠㅠ
내가 먹진 못할꺼고 와이프가 먹을때 조금 주워먹어야지....",1,https://gall.dcinside.com/mgallery/board/view/?id=mounjaro&no=111692&page=5
111691,2.5쫀쿠 3주차,마갤러,2026-04-20 19:07:54,60,0,0,"175 / 99 -> 93
ㅍㅌㅊ?",0,https://gall.dcinside.com/mgallery/board/view/?id=mounjaro&no=111691&page=5
111690,라멘 면 다 남겼다.,ㅇㅇ,2026-04-20 19:01:07,73,0,0,계란추가해서 먹었는데 토핑 다 먹는순간 배 존나 불러서 면 싸그리 남김.. 밥까지 말아먹던 나 맞나 싶다.,0,https://gall.dcinside.com/mgallery/board/view/?id=mounjaro&no=111690&page=5
111689,남자기준 bmi가 24.9 아래여야 정상이네,타우맨,2026-04-20 18:57:40,218,0,3,"18.5미만 저체중
18.5~24.9가 정상
25~29.9 과체중
30이상 비만",0,https://gall.dcinside.com/mgallery/board/view/?id=mounjaro&no=111689&page=5
111688,갑자기 배고파진,ㅇㅇ,2026-04-20 18:55:59,57,0,0,"카레먹방러면 개추 ㅋㅋㅋㅋ
갑자기 약효 떡락하는 느낌
- dc official App",0,https://gall.dcinside.com/mgallery/board/view/?id=mounjaro&no=111688&page=5
111687,5주차 5mg 인데 왜 첫달보다 효과 없는 것 같지? 7.5로 증량 할까,마갤러,2026-04-20 18:49:32,210,0,8,"5주차 넘어왔는데 왜 효과 없는것 같지??
첫달은 아예 안먹히더니
이제는 먹긴 먹어 소화가 안되긴 해도
7.5 로 증량 해야 할까??",0,https://gall.dcinside.com/mgallery/board/view/?id=mounjaro&no=111687&page=5
111684,와 드디어 마운자로 8펜 삿다..,마갤러,2026-04-20 18:44:08,289,0,2,"근데 처방전 땜에 의사를 조우했는데
고혈압에 체중도 너무 높고
그래서
심전도검사 피검사 받고
혈압약도 별도로 추가 처방받고
2.5 8펜 하려햇는데 의사분이 높이래서
2.5  5  1박스씩 받아왓음
근데 요즘 재고가 진짜 빨리 없어지는듯
나 사자마자 바로 재고 텅 비어서 (2.5는 더더욱)",0,https://gall.dcinside.com/mgallery/board/view/?id=mounjaro&no=111684&page=5
111683,두쫀쿠시작한지 두달째 인바디 -12kg,마갤러,2026-04-20 18:42:19,172,1,1,"첫펜 맞기전에 -4키로 빼놓고
2.5 4펜 맞아서 -4.3kg
담달 5.0 4펜맞고 -4.2kg
오늘 가서 인바디 재고 5.0 4펜 받아옴
근육량은 운동 안 해서 씹창나긴함
그래도 정상체중에가까워져서좋음",1,https://gall.dcinside.com/mgallery/board/view/?id=mounjaro&no=111683&page=5
111682,다들 그릭요거트 집에서 해먹어라 ㅇㅇ,ㅇㅇ,2026-04-20 18:40:14,198,0,6,유청 싹 분리되니까 꾸덕하고 안달아도 깔끔해서 존나맛있음 적당히 먹으면 단백질도 채우고 똥도 잘쌈,1,https://gall.dcinside.com/mgallery/board/view/?id=mounjaro&no=111682&page=5
111681,탄수좀 먹으래서 올해 첫 마라탕시킴,타우맨,2026-04-20 18:39:19,168,2,3,반 먹고 냉장고 들어감 ㅇㅇ배부루다,1,https://gall.dcinside.com/mgallery/board/view/?id=mounjaro&no=111681&page=5
111680,마운자로 뚜껑이 뭔소린가했네,마갤러,2026-04-20 18:30:22,247,0,1,"ㅅㅂ 난 퀵펜이라 다른거구나
여태 겪은 부작용 죄다 상상인줄알고 놀램",0,https://gall.dcinside.com/mgallery/board/view/?id=mounjaro&no=111680&page=5
111678,어제 10 맞았는데,마갤러,2026-04-20 18:24:21,78,2,0,"지금까지 아무것도 못먹었다
안먹은게 아니라 ㅅㅂ 못먹겠다 물 밖에 안들어간다
와 10은 진짜 다르네;;
일어나니까 어지러워서 억지로 샐러드라도 먹어야할거 같은데 돌겠다..",0,https://gall.dcinside.com/mgallery/board/view/?id=mounjaro&no=111678&page=5
111677,짭이든 뭐든,ㅇㅇ,2026-04-20 18:18:14,192,0,1,"일단 대조해봤는데 이상은 없는거같다만
근데 왜 15랑 10이랑 자간, 띄워쓰기 다르냐?ㅋㅋ
이제 못사는데 뭔 의미가 있겠누ㅋㅋㅋ",1,https://gall.dcinside.com/mgallery/board/view/?id=mounjaro&no=111677&page=5
111676,린도자로 짭 구분법,ㅇㅇ,2026-04-20 18:14:05,455,0,5,"정품 사진
짭사진
짭은 저부분에 r들어감
짭사진
사진이 다르고 -1적힌 부분에 검은칠이 없음",3,https://gall.dcinside.com/mgallery/board/view/?id=mounjaro&no=111676&page=5
111675,첫주사 3일지났는데 이거 맞냐 디지겠는데,옥보살,2026-04-20 18:13:21,192,0,5,"2.5미리 초보자용 한대맞고 3일동안 위아래 다 쏟아내더니
사경을 헤매고 3일만에 4키로 빠져서 95에서 91키로 되어버림
진짜 죽다살아났는데 나만 이런거지?
이거 진짜 계속하면 디질거같은데?
지금도 계속 황냄새나는 트름 계속 나오고 탈수때매 죽겠는데
너네는 별증상없음?",0,https://gall.dcinside.com/mgallery/board/view/?id=mounjaro&no=111675&page=5
111674,위고비에서 마운자로로 넘어갈때,마갤러,2026-04-20 18:08:49,163,0,4,"형님들 지금 위고비 0.25 맞고있는데요
0.25에서 마운자로 5.0인 2단계로 넘어가도 괜찮을까요
병원에서는 넘어가도 괜찮을 것 같다고 하는데
혹시 저처럼 넘어가신분이 있으시면 괜찮았는지 궁금합니다",0,https://gall.dcinside.com/mgallery/board/view/?id=mounjaro&no=111674&page=5
111673,10시 ~2시자야 성장호르몬 분비된대,ㅇㅇ,2026-04-20 18:08:00,143,0,2,- dc official App,0,https://gall.dcinside.com/mgallery/board/view/?id=mounjaro&no=111673&page=5
111672,근데 하루 치팅해서 2-4키로쪗다는건,10돼지등린이,2026-04-20 18:02:54,224,1,4,"그냥 치팅때 2-4키로 치를 먹어서 그런거아니냐
인간의몸이 없던 무게를 만들어내진않을꺼고..",0,https://gall.dcinside.com/mgallery/board/view/?id=mounjaro&no=111672&page=5
111671,이제마쫀쿠없는삶은 상상도못하겟음,꼬몽,2026-04-20 17:57:24,191,0,1,ㅇ,1,https://gall.dcinside.com/mgallery/board/view/?id=mounjaro&no=111671&page=5
111670,"이제 7개월차, 한계인듯",까마귀,2026-04-20 17:57:19,328,0,9,"5짜리... 이젠 7개월인데 더 안된다.
눈에 띄게 멈춤
딱 좋긴한데
유지해야겠지...",1,https://gall.dcinside.com/mgallery/board/view/?id=mounjaro&no=111670&page=5
111669,bmi40 3월에 피검결과 당뇨뜸 마운자로 2달째처방중 보험청구넣어볼라고,마갤러,2026-04-20 17:55:22,150,0,6,"3월에 피검결과 당뇨뜸 공복혈당, 당화혈색소 전부 당뇨래
의사가 당뇨입니다 라고했고 약은 안줌 아직 젊어서 체중조절좀 해보쟤
당뇨 진단서같은건 안받았고
저 말 듣고 바로 근처 내과로 가서 마운자로 처방받고 지금 1달하고 2주째 맞는중
2.5한달(31만원 결제) 맞고 5.0(43만원 결제) 2주째 맞고있다
청구의신 보니까 내과가 제휴병원이라 바로 실손보험 청구가능하다고 나와있어서 일단 찔러보기 보험청구 넣어봄
db손해보험이고 총2갠데 1개는 4세대 1개는 2세대래. 여기서 자료 뭐달라고하는지랑 후기같은거 적을겡",0,https://gall.dcinside.com/mgallery/board/view/?id=mounjaro&no=111669&page=5
111668,본인 오늘자 집바디,ㅇㅇ,2026-04-20 17:54:29,83,0,0,"크레아틴 복용한지 얼마안되긴했는데
골근이 계속 오르노ㅋㅋㅋ
체중계바꾸려고 h40 아가리벌리고있는데
매물이 안뜬다. 새건 돈아까운디",1,https://gall.dcinside.com/mgallery/board/view/?id=mounjaro&no=111668&page=5
111667,단식 21시간째인데 평온하네...,경진격,2026-04-20 17:53:33,162,1,5,"어제 아침겸 점심으로 늦게
오후 2시 30분쯤 고기싸롱 가고
저녁은 오후 7시 15분쯤 호식이
양념 1마리 + 매운간장 1마리 시킨거
먹다가 밤 9시? 10시? 까지
2/3 정도 먹었으니
화요일 오전 5시 40분까지 단식하면 32시간인데
지금 월요일 오후 6시니 21시간 정도 단식중이네...
뭔가 평온하다...",2,https://gall.dcinside.com/mgallery/board/view/?id=mounjaro&no=111667&page=5
111666,초초고도비만 3주치 일반식 식단기록 + 잡설,마갤러,2026-04-20 17:53:33,197,1,6,"키 160 90키로 돼지
2.5로 시작 (3/28)
오늘 4펜째 맞음(4/20)
90kg->86.5
운동 x
드라마틱하게 식욕 조절 되던건 2펜까지였어
식욕억제제처럼 그냥 입 앞에 치킨 들이밀어도 안먹고싶을정도
3펜부터는 그냥 식욕 반정도 남아있고 먹는양 조절됨
맛있는거 너무 좋아해서 일반식 포기가 안됐어 ㅋㅋㅋㅋㅋ
닭가슴살도 시도해봤는데 다 별로라 통닭가슴살 너겟 사봄
그릭요거트도 맛없어서 당이랑 지방 다 있는 이름만 그릭인 복숭아맛 딸기맛 이런거로 먹음
하나당 70칼로리
라떼는 아이스라떼고 시럽 원래 안넣었음
이것도 우유 저지방 무지방으로 하던데 맛없어서 일반우유로 다 먹음...
의지도 약하고 스트레스에도 취약해서
그냥 일반식 적게 먹고 단백질 채우면서 한달에 3키로라도 빼고싶음 ㅠㅠ
갤 보니까 식단 다 빡세게 하던데 진짜 존경해
그리고 위고비도 해봤는데 주사 맞을때 마운자로가 훨씬 아픔 왜그런지 모르겠다",1,https://gall.dcinside.com/mgallery/board/view/?id=mounjaro&no=111666&page=5
111665,마쫀쿠 일주일에 한번 맞기 넘 힘들다,ㅇㅇ,2026-04-20 17:52:24,134,2,2,"매일 맞는게 더 재밌을거 같은데
맞는날이 넘 기다려짐",0,https://gall.dcinside.com/mgallery/board/view/?id=mounjaro&no=111665&page=5
111664,근데 니네 정상체중되도 계속 맞을꺼야?,마갤러,2026-04-20 17:51:32,346,0,13,"난 돈은 고민안되는데 몸에안좋을까봐 고민이야
인스타 유명 마운자로 의사한테 물아보니까
정상체중이면 끊으래
- dc official App",0,https://gall.dcinside.com/mgallery/board/view/?id=mounjaro&no=111664&page=5
111663,오운완ㅆ,ㅇㅇ,2026-04-20 17:50:17,34,0,0,"후
- dc official App",0,https://gall.dcinside.com/mgallery/board/view/?id=mounjaro&no=111663&page=5
111662,요즘 마운자로 가격 이거 맞아?,마갤러,2026-04-20 17:48:44,313,0,2,"2.5mg
약 28~35만원
5mg
약 40~45만원
7.5~10mg
약 55~65만원
이정도 나옴?
미리 마음의 준비하고 병원가게",0,https://gall.dcinside.com/mgallery/board/view/?id=mounjaro&no=111662&page=5
111661,내일 오랜만에 병원가는데 그 의사쌤....,마갤렁,2026-04-20 17:48:32,177,0,9,"나 처음 갔을때도 상냥하셨고
8키로 뺐다니까 너무 조아하셨거든
온갖 응원과 조언 다해주시면서..
지금은 8키로가 26키로가 됐어
해달라는대로 처방해주셔서 쟁여둔게 많았거든
오랜만에 낼 뵈러 가는데 좋아해주실 생각에 입꼬리 씰룩쌜룩
넘 감사해서 타지로 이사했는데도 뵈러가려고 ㅋㅋㅋ
이랬는데 갑자기 낼 차갑고 의무적으로 변하셨으면
나 괜히 상처 ㅋㅋㅋㅋㅋㅋㅋ
내일 증량 여쭤볼건데 쌤 자꾸 돈아끼라고 하셔서...
하아.... 암튼 낼 뵙고올게!",0,https://gall.dcinside.com/mgallery/board/view/?id=mounjaro&no=111661&page=5
111660,단백질 음료랑 파우더 어느거로 할까,마갤러,2026-04-20 17:48:18,211,0,22,"뭔가 내 계산식에는 둘의 가격차이가 큰 차이 없어보이는데
파우더가 할인 잘 받으면 더 싼가??
더단백이랑 다이마타이즈wpc 초코맛 이거 비교하고있어
태어나서 한번도 안 먹어봐서 정보가 뒤적거려보는중",0,https://gall.dcinside.com/mgallery/board/view/?id=mounjaro&no=111660&page=5
111658,애들아마쫀쿠말야 지금일년할생각이거든?,꼬몽,2026-04-20 17:45:13,218,0,6,"그러고나서 나중에 또 일년해도되는거야?
총 3년할수있다고 어디서 본거같아서",1,https://gall.dcinside.com/mgallery/board/view/?id=mounjaro&no=111658&page=5
111657,오늘 저녁 단백질 음료 3개 60그램,마갤러,2026-04-20 17:43:30,142,1,10,가볍게 먹엇다,0,https://gall.dcinside.com/mgallery/board/view/?id=mounjaro&no=111657&page=5
111656,누렁아 밥먹자,inspect2631,2026-04-20 17:41:26,109,1,2,"닭찌
계란찜
당근라페",1,https://gall.dcinside.com/mgallery/board/view/?id=mounjaro&no=111656&page=5
111655,오늘 저녁은 단호박죽,킹데스,2026-04-20 17:32:48,35,0,0,"닭가슴살100g과 테이크핏맥스초코하나
약맞은날은 먹는게고역이다 ㄹㅇ",0,https://gall.dcinside.com/mgallery/board/view/?id=mounjaro&no=111655&page=5
111654,혹시 가짜 마운자로 유통 뉴스 어디서 봤어??,마갤러,2026-04-20 17:31:31,313,0,7,"가짜 마운자로 유통 뉴스랑 로트번호까지 떠 있는 뉴스기사 있어??
어떤놈이 로트번호 뜬 기사는 없다고
인도꺼 15mg D949932 이거
가짜 아니라고 박박 우기는놈이 있어서
좀 보여주고 싶은데
찾아보니까 해외기사라 그런거 잘 못찾겠어",0,https://gall.dcinside.com/mgallery/board/view/?id=mounjaro&no=111654&page=5
111653,최근 기준 마쫀쿠 5mg 처방전까지 얼마에 샀음??,ㅇㅇ,2026-04-20 17:29:10,249,0,6,집에서 종로까지 15분 거리라 어플로 예약하고 갔는데 처방전까지 38.5만원이더라. 보통 이 정도가 ㅍㅌㅊ지?,0,https://gall.dcinside.com/mgallery/board/view/?id=mounjaro&no=111653&page=5
111652,팩트는 린도 맞은애들은 죄다 졸업했다는거임,ㅇㅇ,2026-04-20 17:25:34,360,1,5,"못사거나 늦게 온놈들만
심술부리고 있는거고. ㅋㅋㅋ
물론 나도 퀵펜없음",0,https://gall.dcinside.com/mgallery/board/view/?id=mounjaro&no=111652&page=5
111651,근데 부작용중에 피곤하고 잠이 많이 오는건 왜임?,마갤러,2026-04-20 17:23:01,188,0,2,"뇌를 건드리는것도 아닌데
그냥 호르몬 유사체여도 몸에 무리가 ㅈㄴ 가는건가..",0,https://gall.dcinside.com/mgallery/board/view/?id=mounjaro&no=111651&page=5
111650,린도자로 쩔긴하네,마갤러,2026-04-20 17:22:20,244,0,0,맘고생 다이어트까지 추가지원 낭낭하게,0,https://gall.dcinside.com/mgallery/board/view/?id=mounjaro&no=111650&page=5
111649,아니 더단백 과일맛 개쓰레기같던데,ㅇㅇ,2026-04-20 17:18:03,184,0,7,"그게 넘어가냐 진짜 불량식품맛이라 불쾌할 정도던데
커피랑 초코가 그나마 먹을만하던데 카라멜은 안먹어봤고",0,https://gall.dcinside.com/mgallery/board/view/?id=mounjaro&no=111649&page=5
111648,여기갤왜케재밌음?,git,2026-04-20 17:17:53,154,0,2,불구경하는거 존나재밌는데,1,https://gall.dcinside.com/mgallery/board/view/?id=mounjaro&no=111648&page=5
111644,오늘 스트레스 ㅈㄴ받았는데 배가안고프네,ㅇㅇ,2026-04-20 17:11:19,38,0,0,신기하넹,0,https://gall.dcinside.com/mgallery/board/view/?id=mounjaro&no=111644&page=5
111643,린도의 맹물,ㅇㅇ,2026-04-20 17:07:20,366,3,3,"물도 짭이 있따.
대린도",1,https://gall.dcinside.com/mgallery/board/view/?id=mounjaro&no=111643&page=5
111642,피자 한판먹었다고 3kg찜,마갤러,2026-04-20 17:05:15,252,1,6,이게 맞음?,0,https://gall.dcinside.com/mgallery/board/view/?id=mounjaro&no=111642&page=5
111641,차라리 맹물자로면 돈만 날린거지 인도 중국 짝퉁 뭘로 만든지 모름,마갤러,2026-04-20 16:55:48,348,2,4,"내 몸뚱이에 꽂는거 미국에서 만들어진거여도 무서운데
뭘로 만든지 모르는거 어케꼽냐 ㄹㅇ",0,https://gall.dcinside.com/mgallery/board/view/?id=mounjaro&no=111641&page=5
111640,ㅅㄹ기간 2.5로 잘 막아내고 있는 스스로 넘 대견,ㅇㅇ,2026-04-20 16:54:25,117,0,1,후후 이대로만 쭉가자,0,https://gall.dcinside.com/mgallery/board/view/?id=mounjaro&no=111640&page=5
111639,2.5mm 효과가 전혀없다가 4번째 맞고 ...,마갤러,2026-04-20 16:54:17,244,0,3,"2.5mm
효과와 부작용 모두 전혀 없다가,
아까워서 계속 맞았는데,
4번째 맞고 나니...
확실히 식욕이 줄었어.
그동안, 평소처럼 막 먹어도 토하는 등 부작용은 전혀없어. 지금도 그렇고.
하지만, 먹을순 있는데, 안 먹어도 힘들지 않아.
이제 제대로 작용하는 것 같은데,
2.5mm를 계속 맞을까?
수치를 올려봐야 비용만 비싸고
결국 올려야 한다면 최대한 서서히 올리는게 좋을 것 같은데 말야.",0,https://gall.dcinside.com/mgallery/board/view/?id=mounjaro&no=111639&page=5
111638,작년 9월에 2.5 4펜 + 10월 5 4펜 맞았는데 5로 바로시작해도댈,마갤러,2026-04-20 16:52:56,73,0,0,부작용은 거의없다시피했고 2.5너무 돈아까운데..,0,https://gall.dcinside.com/mgallery/board/view/?id=mounjaro&no=111638&page=5
111637,반평생 맞으라고 하면 맞을꺼임?,마갤러,2026-04-20 16:51:58,294,0,12,"난 부작용x
유지단계에서 보험용으로
계속 맞고 싶음 이유는 내 자신을 못믿겠어서
돌아갈까봐
근데 돈이 문제긴함",0,https://gall.dcinside.com/mgallery/board/view/?id=mounjaro&no=111637&page=6
111636,2.5 3주차인데 점점 배고파지네,마갤러,2026-04-20 16:50:36,69,0,0,"1, 2주차는 ㄱㅊ았는데 ㅇㄴㅇㄴㅇㄴ",0,https://gall.dcinside.com/mgallery/board/view/?id=mounjaro&no=111636&page=6
111635,푸른ㄷ워터 당 개높은데,ㅇㅇ,2026-04-20 16:50:29,155,0,10,그냥 먹음? 딱딱이똥 삼일째나와서 답답함 ㅠ,0,https://gall.dcinside.com/mgallery/board/view/?id=mounjaro&no=111635&page=6
111634,캬! 하루만에 6kg 감량,응우옌,2026-04-20 16:44:05,324,2,8,"는 장염인지 뭔지
위 아래로 물만 존나 싸대서 다음날 쯤보니 6k가량 빠져있었음..
병원서 링겔 맞고잇다..",0,https://gall.dcinside.com/mgallery/board/view/?id=mounjaro&no=111634&page=6
111633,5짜리 맞다가 위고비 0.5 맞는데 원래 아무 느낌 안나나..,마갤러,2026-04-20 16:37:29,101,0,1,"예전에 가격 폭등했을때 사둔 위고비... 버리긴 돈아까워서 그냥 맞는데
원래 이런 식으로 5 맞다가 0.5로 확 바꾸면 첨엔 아무 느낌 안날까?
아님 낼이면 좀 다를까?",0,https://gall.dcinside.com/mgallery/board/view/?id=mounjaro&no=111633&page=6
111632,간이랑 요산수치 높으면 단쉐 ㄴㄴ?,마갤러,2026-04-20 16:34:04,202,0,10,"ai가 되도록 먹지말라고 뜯어말리네
요산은 조금 높아서 주의관찰하고 간수치가 좀 높음... 곧 대학병원 검사감
대충 계산해보니 하루 단백질 60g밖에 안 먹었음...
단쉐 안 먹으면 아침에 계란 추가하고 점심에 일반식에다가 추가로 닭가슴살 1팩씩 먹고 저녁에 두부한모 추가하고 이래야하나",0,https://gall.dcinside.com/mgallery/board/view/?id=mounjaro&no=111632&page=6
111629,18주차인데 14키로 빠지는데 10맞는중인데 10맞는다고 방심 하면 안되,마갤러,2026-04-20 16:25:49,194,1,4,"수험공부 하고있어서 빡세게 러닝 못하고 운동 집에서 홈트만 간간히 하고 식단조절 100일정도는 철저하게 하니까 잘 빠져서 102키로에서 86까지 찍히다가
저번달에 10맞았으니까 괜찮겠지 하고 식단 평소처럼 빡세게는 안하고 적당하게 했는데 바로 정체기...
이번달부터 다시 제데로 식단 지키니까 좀 빠지긴하는데
수험이랑 다이어트 같이하려니까 빡세긴 함
그리고 개인적으로 7.5일때 식욕억제 제일 잘되는 느낌 7.5랑 10 가격같아서 10맞는데 7.5랑 크게 차이없는 느낌이라 가격 같아도 그냥 7.5로 조절잘되면 7.5맞다가 7.5 효과 떨어진다는
느낌받을때 증량하는게 베스트인듯 난 그냥 가격아까워서 7.5 1달맞고 바로 10으로 증량했어서
하여튼 살 빠진상태에서는 더 빡세게 식단조절해야하는거 아는데 공부 하루 10시간정도 해서 식단조절 핑계대고 안했는데 정신차리고 다시 빡세게 하려고 함
쫀쿠 맞는 갤럼들도 참고 하고 나처럼 10맞는다고 방심하지 말고 더 철저하게 식단이랑 운동하길 바란다
난 그나마 운동은 아령이랑 맨몸으로 꾸역꾸역 꾸준히 해서 근육은 덜 잃어서 괜찮다고 스스로 암시중인데 근육도 빠졌는데 정체기까지 왔으면 스트레스 많이 받았을듯...",0,https://gall.dcinside.com/mgallery/board/view/?id=mounjaro&no=111629&page=6
111628,인도 짭자로 로트번호,ㅇㅇㅇ,2026-04-20 16:25:21,472,0,4,"<ul class=""KsbFXc U6u95"" jsaction="""" jscontroller=""mPWODf"" data-sfc-root=""c"" jsuid=""lYwVqe_q"" data-sfc-cb="""" data-processed=""true"" style=""font-size: 16px; margin-block: 12px 16px; font-family: sans-serif; line-height: var(--a9X0Jc); padding-inline-start: 18px; margin-inline: 0px; caret-color: rgb(10, 10, 10); color: rgb(10, 10, 10); -webkit-tap-highlight-color: rgba(0, 0, 0, 0); -webkit-text-size-adjust: 100%;""><li class=""dF3vjf"" jsaction="""" jscontroller=""vsuOFb"" data-sfc-root=""c"" jsuid=""lYwVqe_10"" data-sfc-cb="""" data-hveid=""CAMQAw"" data-processed=""true"" style=""-webkit-tap-highlight-color: transparent; list-style- outside; list-style-type: disc; margin-block: 0px 12px; padding-inline-start: 4px;""></li></ul>
저 로트번호면 갖다버려라",1,https://gall.dcinside.com/mgallery/board/view/?id=mounjaro&no=111628&page=6
111627,더단백 카라멜이랑 커피는 걸러라,ㅇㅇ,2026-04-20 16:24:01,334,1,15,"가뜩이나 첨가물많은데 식용유까지 처넣어서
성분상 가장 쓰레기다
맛으로 따지면 바나나가 쓰레기고
밀크티가 호불호 극과극
초코도 평이 반반이고
민초는 신상이라 모르겠네
결국 남는게 멜론 딸기 밖에 없노",0,https://gall.dcinside.com/mgallery/board/view/?id=mounjaro&no=111627&page=6
111626,더단백 바로살걸 ㅅㅂ,ㅇㅇ,2026-04-20 16:12:36,469,0,20,"생각해보니 내가 쟁여두는게 개당 1000원꼴이면 바로 무지성으로 쟁이는데
말도안되게싼거엿는데
집에좀있다보니 간보다가 놓쳤노 ㅅㅂ 또안하겟지",0,https://gall.dcinside.com/mgallery/board/view/?id=mounjaro&no=111626&page=6
111625,근데 진짜 면역자들은 5 까지 해보고 포기 해야되는거임?,성공한런붕이,2026-04-20 16:09:51,259,0,5,7.5까지 가보나,0,https://gall.dcinside.com/mgallery/board/view/?id=mounjaro&no=111625&page=6
111624,2.5에서 5로 간 사람???,ㅇㅇ,2026-04-20 16:03:38,240,0,4,"어땠어??
속안좋아?
살더잘빠짐??
2.5 처음한달만효과있고 두달째엔 효과없어서
5로 넘어가려고하는데
막 토만하고 일상생활도못한다는 글이있어서 무섭네...",0,https://gall.dcinside.com/mgallery/board/view/?id=mounjaro&no=111624&page=6
111623,저녁 현미밥130 + 닭가슴살1팩 + 샐러드면 충분해?,마갤러,2026-04-20 16:02:19,205,0,19,"운동은 아직 안해..
여기서 계란 1알 더 먹거나 해야하면 알려줘!!
밥은 현미밥130g 아니면 간편한끼 닭가슴살 볶음밥 200g 이거 먹을거야
닭가슴살은 한끼통살 !!!
야채는 그냥 유러피안 샐러드 1kg씩 시켜서 먹음
++
아침은 그릭요거트+블루베리
점심은 양 줄인 일반식",0,https://gall.dcinside.com/mgallery/board/view/?id=mounjaro&no=111623&page=6
111622,2.5에서 7.5가는 건 에바겠지,ㅇㅇ,2026-04-20 16:02:00,185,0,3,"120오버 슈퍼뚱땽이인데 2.5 한달간 큰 효과없엇음
부작용도없엇고
오늘 또 사러가야되는데 먼가 5도 효과 없으면좀슬플거같아",0,https://gall.dcinside.com/mgallery/board/view/?id=mounjaro&no=111622&page=6
111621,운동쉬려했는데 갔다와야지,ㅇㅇ,2026-04-20 15:59:33,40,0,0,"잠을 일찍자자잉
- dc official App",0,https://gall.dcinside.com/mgallery/board/view/?id=mounjaro&no=111621&page=6
111620,5 하다가 끊었는데 다시 5하면 되지?,마갤러,2026-04-20 15:56:05,95,0,0,"7.5 너무 비싸서 ㅠ 5로 재도전할라구
이미샀음",1,https://gall.dcinside.com/mgallery/board/view/?id=mounjaro&no=111620&page=6
111618,마운자로 3주차 인바디 결과 (feat 뭔가 이상한),마린이,2026-04-20 15:43:45,365,1,8,"3주차 인바디 결과인데
항상 아침 11시 쯤 공복에 물도 안 마시고 재는데
1주일 만에 골격근량이랑 체지방률이 확 바뀌어서 뭔가 이상함 (인바디 점수도 한번에 7점 오름)
어쨌든 체중은 꾸준히 줄고 있어서 긍정적으로 보임
이번주 주말부터 5mg 예정인데 효과 차이가 심하려나...",1,https://gall.dcinside.com/mgallery/board/view/?id=mounjaro&no=111618&page=6
111617,인생이 고달파져서 오랜만에 스벅 신메뉴 도전했는데,마갤러,2026-04-20 15:40:09,98,0,1,"마시면서 보니까 당 미쳤네
아... 그나마 제일 괜찮아보이는 거 쳐마신건데",0,https://gall.dcinside.com/mgallery/board/view/?id=mounjaro&no=111617&page=6
111616,마운자로 인도 불법유통 적발,ㅇㅇ,2026-04-20 15:39:43,1477,12,16,예아,5,https://gall.dcinside.com/mgallery/board/view/?id=mounjaro&no=111616&page=6
111615,형들 질문좀 2.5한달 맞았고 5로 넘어갔는데,마른자로,2026-04-20 15:39:03,220,0,7,지원금 나오면 살려고 하는데 내일 모래가 증량한 5맞는 날인데 한달은 몸에 잔여량 있으니까 일주일 참고 민생지원금 나오면 사서 맞아도 ㄱㅊ을까여? 아니면 그냥 바로 사서 흐름 안끊기게 맞는게 좋을까여? 비슷하게 일주일정도 뛰었다 맞으신 분 계신가요,0,https://gall.dcinside.com/mgallery/board/view/?id=mounjaro&no=111615&page=6
111614,운동완료,마뚱뚱이,2026-04-20 15:38:43,91,0,2,"팔운동으로 워밍업 시작 (왼쪽어깨 뚝뚝거림하고 예전에 통증 심하게온적있어서 팔운동 중량을 높게 못잡겠어요)
실내 사이클링 시속32~34KM 18분
등반 기계 3단계 7분 / 2단계 5분",1,https://gall.dcinside.com/mgallery/board/view/?id=mounjaro&no=111614&page=6
111613,"1개월, 3개월, 전체",ㅇㅇ,2026-04-20 15:35:30,142,0,1,"전체를 봐야됨
주기 짧게할수록 정병올꺼같다 ㅋㅋ",3,https://gall.dcinside.com/mgallery/board/view/?id=mounjaro&no=111613&page=6
111612,위고비에서 마운자로로 갈아탈려는데 조언좀부탁,마갤러,2026-04-20 15:33:29,157,0,4,"지금 1년째맞고있는데 2.4 받아서 1.2로 2달 나눠맞고있음
갈아타볼까하는데 마운자로 얼마맞으면됨??
핑프소리안들을려고 최대한 찾아보니 위고비 1.7이 마운자로 2.5랑 비슷하다던데
단약안하고 그대로 이어서맞아도 되는지도 궁금함",0,https://gall.dcinside.com/mgallery/board/view/?id=mounjaro&no=111612&page=6
111611,휴일에 걸어다니는것도 좋다,ㅇㅇ,2026-04-20 15:31:25,192,0,2,"어제 할거없서서 거의 3시간동안 무계획으 발가는곳
걸어다녔음 사람 구경도하고 쇼핑몰도 들어가고
재밌는거같아 운동도되고
- dc official App",1,https://gall.dcinside.com/mgallery/board/view/?id=mounjaro&no=111611&page=6
111610,5미리 끊은지 반년됐는데 다시 맞으려면 2.5부터 해야하나요?,마갤러,2026-04-20 15:31:24,130,0,1,조금씩 요요가 오는거같습니다,0,https://gall.dcinside.com/mgallery/board/view/?id=mounjaro&no=111610&page=6
111609,펜2.5 두개째인데 효과없다,ㅇㅇ,2026-04-20 15:25:31,201,0,6,숙면 취하는거 빼고 다른점 모르겠어,0,https://gall.dcinside.com/mgallery/board/view/?id=mounjaro&no=111609&page=6
111608,ㅅㅈㄹ 2.5 예약하면 며칠뒤 연락오냐,마갤러,2026-04-20 15:20:56,95,0,0,,0,https://gall.dcinside.com/mgallery/board/view/?id=mounjaro&no=111608&page=6
111607,마운이 맞았는데도 왜 식욕이 그대로지?,마갤러,2026-04-20 15:18:33,97,0,1,"젤 낮은건데 다른 사람처럼 먹고 싶지 않다거나 먹어도 배가 부르거나 이런 느낌은 없네…
진짜 그 전에 식욕이 어바어마어마하긴 햇는데",0,https://gall.dcinside.com/mgallery/board/view/?id=mounjaro&no=111607&page=6
111606,과일 음료수 받았는데 어카지 버려야되냐,ㅇㅇ,2026-04-20 15:17:36,227,0,6,안 먹을건데 ㅋㅋ,1,https://gall.dcinside.com/mgallery/board/view/?id=mounjaro&no=111606&page=6
111605,2.5 4주 맞다가 5로 바꿨는데,마갤러,2026-04-20 15:10:35,150,0,1,"2.5는 억지로 먹을라면 먹을수 있는정돈데
이건 진짜 걍 안드가네 와..",0,https://gall.dcinside.com/mgallery/board/view/?id=mounjaro&no=111605&page=6
111604,"2.5 7펜째 인바디 지표 변화(178 cm, 106 kg 시작)",마갤러,2026-04-20 15:09:02,186,0,4,"5가지 목표를 세웠는데 오늘 날짜로 두 번째 목표인 체지방률 20퍼센트 돌파 완료
다음 목표를 향해 또 가보자고",5,https://gall.dcinside.com/mgallery/board/view/?id=mounjaro&no=111604&page=6
111603,2.5 물량없어서 처방전 받아놓고 못삼,마갤러,2026-04-20 15:03:12,324,0,8,"종로에서 지난 화요일 받았는데 오늘까지 못샀음..
ㄷㅌㄴㅇ 맨날 확인해보는데 전화해보면 없다거나 퇴근시간 되면 물량 싹 다 빠져서 ㅅㅂ
이거 화요일에 받았으면 언제까지 처방전 사용가능하지..
낼 지나면 처방 다시 받아야 함? 그래도 물량 없는건 똑같을거 아녀",0,https://gall.dcinside.com/mgallery/board/view/?id=mounjaro&no=111603&page=6
111602,마운자로 식단 평가좀,마갤러,2026-04-20 15:00:09,204,0,8,"저번주 수요일에 첨 맞음
아침 : 밥 200g 닭다리살 200g 방토 7개
점심 : 밥 200g 하림 블랙페퍼 닭안심 200g 방토 7개
저녁 : 밥 200g 홍두깨살 200g 방토 7개
운동 후 프로틴 1스쿱
180cm 130kg에 시작해서 지금 4kg 빠짐
운동 웨이트 30분 유산소 런닝머신속도 5로 30분걷기
- dc official App",0,https://gall.dcinside.com/mgallery/board/view/?id=mounjaro&no=111602&page=6
111601,마자로 인생 4개월차,마갤러,2026-04-20 14:59:33,134,0,1,"이제 마지막 드디어 배가 들어가기 시작했다
체지방 48스타트 -> 29
골근 46~47 그대로
후
...먹는건 이제 적응했는데 저탄에 대해서
이제 딱 20까지만 내려가보자
체중은 크게변화지않지만
지방은빠지더라",0,https://gall.dcinside.com/mgallery/board/view/?id=mounjaro&no=111601&page=6
111600,마운자로 끊은지 1달인데 요요오나? 씨발,행메전문,2026-04-20 14:59:22,337,0,5,체지방량은 안빠지고 점점 몸무게 다시 늘고있음 8키로는 더 빼야하는데 좆같노,2,https://gall.dcinside.com/mgallery/board/view/?id=mounjaro&no=111600&page=6
111599,코스트코 웨이더 단백질쉐이크 먹어두 괜찮나유?,뉴비,2026-04-20 14:54:11,92,0,8,"유산소 운동이랑 식단하고있든데
하루 단백질 100g이상 먹으려고 하고있음
음식으로만 못챙길때 더단백이나 셀렉스꺼 먹었는데
가격이 좀 거시기해서 싼거찾아보다가
코스트코 웨이더꺼 가격 적당하고 접근성이 좋던뎁
(1회 약 1천원정도)
단백질 쉐이크 잘못먹으면 살더찐다는 소리도있던데
가성비로 먹기 괜찮나유?
헬창아니고 일반인 다이어터 임돠",0,https://gall.dcinside.com/mgallery/board/view/?id=mounjaro&no=111599&page=6
111598,밥 안 먹어서 그런가 기분이 왜이렇게 더럽지,마갤러,2026-04-20 14:53:53,69,0,2,온 만물이 날 억까하는 기분,0,https://gall.dcinside.com/mgallery/board/view/?id=mounjaro&no=111598&page=6
111597,177에 85 고혈압인데 약 맞을까,ㅇㅇ,2026-04-20 14:51:05,120,0,3,아 고민된다 약값이 한두푼 하는것도 아니고,0,https://gall.dcinside.com/mgallery/board/view/?id=mounjaro&no=111597&page=6
111596,"[종료] 무신사 더단백 36팩 30,480원",git,2026-04-20 14:48:42,607,4,64,"뷰티 장바구니 3천원 쿠폰 사용시 30,480원
적립금 최대 사용시 28,210원
15:57 내용수정) 18팩 골라담기 상품 쿠폰사용 막혔음 36팩 상품에는 적용가능해서 글 수정함
16:05 내용수정) 판매자가 쿠폰적용 제외시킴 핫딜끝남
돼지들아 이거 먹고 힘내!! 보충제갤은 오지 말고 알겠지?",4,https://gall.dcinside.com/mgallery/board/view/?id=mounjaro&no=111596&page=6
111595,나닥 이거 버그잇음?,출롱사랑나라사랑,2026-04-20 14:45:42,66,0,1,"나닥 만원결제되는거 아니냐니까
상관없다면서 병원에서 만원 결제햇는데
딴데가는데 결제떠서보니
나닥에서 만원 결제되서 2번결제됨ㅋㅋ
전화도 안받고
귀찬아서 안가려다 괴씸해서 가니
그럴리없다그러더니 내역보여주니 이리저리 궁시렁~~
죄송먼저 해야정상아닌가?  남2중결제에
20분 쳐버리게하고 기본이 안됫네",0,https://gall.dcinside.com/mgallery/board/view/?id=mounjaro&no=111595&page=6
111594,증량 질문 2.5 한달만에 수분포함10키로  빠졌는데  76에서 66,ㅇㅇ,2026-04-20 14:42:01,154,0,4,"2.5 한달 더하는게 나을까? 아니면 5 증량이 나을까?
- dc official App",0,https://gall.dcinside.com/mgallery/board/view/?id=mounjaro&no=111594&page=6
111593,5쫀쿠도 맞다보면 2.5처럼 적응되냐 제발,마갤러,2026-04-20 14:38:50,170,0,1,진짜 무슨 잠만보처럼 잠이 존나오네 살려줘,0,https://gall.dcinside.com/mgallery/board/view/?id=mounjaro&no=111593&page=6
111592,오늘 점심,ㅇㅇ,2026-04-20 14:32:43,122,0,3,"냠냠
- dc official App",1,https://gall.dcinside.com/mgallery/board/view/?id=mounjaro&no=111592&page=6
111591,자기가 ADHD라고 인지했는데 병원 안가는것 부터 말이 안됨,몽땅,2026-04-20 14:32:33,185,0,5,"어느 순간 나 ADHD 맞는거 같다라고 인지한순간
진짜 ADHD는 유튜브에서 정보 와 씹 진짜 나네?
찾아보고 병원가면 좋아지나?
병원비는 얼마지?
이거 조사한 다음에 병원가게 되어 있음 이게 바로 충동성",0,https://gall.dcinside.com/mgallery/board/view/?id=mounjaro&no=111591&page=6
111590,5.0 증량하자마자 뒤질 거 같음,마갤러,2026-04-20 14:30:09,301,0,4,"2.5 때도 한 3주 내내 ㅈㄴ 입맛 없고 속 더부룩 했었음
억지로 먹어가면서 식단 및 운동 해서 한 6kg 날림
근데 어제 저녁에 5.0으로 증량하고 일어나자마자 몸 상태 ㅈ됐음
무기력, 피로감, 더부룩한 속, 소화 불량, ㄱㅌ, ㅅㅅ
있는 부작용이란 부작용은 다 옴 ㅋㅋㅋㅋㅋㅋㅋ
어떻게든 먹어야 그나마 조금 있는 근육 지키는데 지금 뭘 먹을 수가 없음
진짜 반차 쓸까 말까 고민하다가 참음
2.5 맞고 힘들었던 애들은 증량 고민 잘해봐라... 나처럼 고생하지 말고",0,https://gall.dcinside.com/mgallery/board/view/?id=mounjaro&no=111590&page=6
111589,5맞아본 애들 몇달까지 5로함?,마갤러,2026-04-20 14:29:50,268,0,6,최대한 길게하고싶은데 몇달까지 5로하고 증량함?,0,https://gall.dcinside.com/mgallery/board/view/?id=mounjaro&no=111589&page=6
111588,10짜리 재고 없다고해서 예약걸어놧는데,출롱사랑나라사랑,2026-04-20 14:27:52,101,0,0,"넉넉하다는데?
괜히 예약구매 걸어놓고삿네
걍 온누리인가 그거되는 싼곳 찾아볼걸",0,https://gall.dcinside.com/mgallery/board/view/?id=mounjaro&no=111588&page=6
111587,마운자로 유통기한긴데 왜 한달씩햇지?,출롱사랑나라사랑,2026-04-20 14:27:07,287,0,6,"3달까지 해준다는데
어차피 3달해도 처방전은 만원아님?
3달이라고 3만 아닐거같은데
괜히 돈 더 썻노",0,https://gall.dcinside.com/mgallery/board/view/?id=mounjaro&no=111587&page=6
111586,2.5 두달 5첫펜 4일째인데,마갤러,2026-04-20 14:24:24,85,0,0,"2.5는 효과가 좀 줄어든 것 같아서 (감량속도가 느려짐, 식욕 살짝 도는듯)
5 첫펜 꽂아봤는데
여행때문에 하루 일찍 꽂았음
오늘이 4일째인데 계~ 속 근육통있고
생각외로 2.5의 식욕억제랑은 다른느낌임
2.5는 걍 음식 먹을생각도 0 떠오르지도않음 먹다가 아.. 못먹겠네; 하고 그만둠
5는 근데 음식생각이 나고 뭘 보면 먹고싶어지긴함
근데 방금 소포장 함박스테이크 1 (150g) 먹었는데
일단 반정도에서 아 좀 힘든가..? 하긴했지만 다 먹을 순 있었고
근데 다 먹고나서 체한것마냥 속이 안좋았음 토는 안함
종아리쪽 근육통이 제일세고 (아직도있음)
어제까지는 전신이 처맞은듯 근육통 있었음 백신맞은것마냥 팔 안올라감ㅋㅋ
이러면 그냥 다시 2.5로 내리는게 맞나? 아님 적응기간인가 잘 모르겠음",0,https://gall.dcinside.com/mgallery/board/view/?id=mounjaro&no=111586&page=6
111585,2.54펜 맞고 이제 단약한다,마갤러,2026-04-20 14:19:56,90,0,0,"81에서 76.5로 빠졌고 키는 162라서 갈길이
멀긴 한데.. 몸이 너무 힘이 없어서 안되겠다
- dc official App",0,https://gall.dcinside.com/mgallery/board/view/?id=mounjaro&no=111585&page=6
111583,1펜 6일차인데 원래배고프냐?,마갤러,2026-04-20 14:12:07,92,0,1,"약효 분명 있었는데
어제밤부터 뭐 먹고 두세시간있으면 배고프네
나 약효안듣는 체질인거임?
96시작 91임",0,https://gall.dcinside.com/mgallery/board/view/?id=mounjaro&no=111583&page=7
111582,방토 한 끼에 3~4개씩먹는애들은머냐,마갤러,2026-04-20 14:10:44,225,0,4,"방토앉은자리에서 400g씩은 들어가는데
어케참냐",0,https://gall.dcinside.com/mgallery/board/view/?id=mounjaro&no=111582&page=7
111581,퀵펜 아니면 솔앰 사도 쓸모 없는거지?,마갤러,2026-04-20 14:05:15,105,0,4,"다들 퀵펜기준으로 말하는거 같아서
4펜짜리는 솔앰사용하는거 못하는건지..?",0,https://gall.dcinside.com/mgallery/board/view/?id=mounjaro&no=111581&page=7
111580,확실히 뭘 안먹으니 몸이 춥구나,마갤러,2026-04-20 13:48:24,196,0,4,"어제 과식하고 오늘은 아침에 계란3개 점심에 방토 500그람먹었더니 춥다
그냥 날씨가 추운건가?",0,https://gall.dcinside.com/mgallery/board/view/?id=mounjaro&no=111580&page=7
111579,2.5 5일차 너무 빨리 빠져서 걱정인데 괜찮냐,마갤러,2026-04-20 13:40:07,302,1,9,"165에 94시작인데 불규칙마법활동 심하고 다낭성 때문에 맞음
3일차까지 부작용으로 몸살 있고해서 잠을 많이 자긴잤거든 거진 하루에 10~12시간은 잤다고 봐야됨
오늘 아침에 90.1까지 빠져있더라고
식사는
아침 현미밥 반공기 + 집반찬조금 + 양념 닭가슴살 1봉
점심 빵 1조각(식빵 1개정도라 봐야됨) + 두유
저녁 현미밥 반공기 + 양념 닭가슴살 1봉
보통 이런식으로 먹고 아침 점심은 업무때문에 안나가는데 저녁은 먹고 잘때 속불편한거 무서워서 밖에서 30분은 산책 꼭 해줌
이거 외에 운동X
1주일도 아닌데 5일차에 거의 4kg 빠진건 수분이니 글리코겐이니 해도 너무 빠른거같아서 무섭다 ㅅㅂ
다른 갤럼은 1주일차에 어땠음",0,https://gall.dcinside.com/mgallery/board/view/?id=mounjaro&no=111579&page=7
111578,마운자로 첫날인데,마갤러,2026-04-20 13:38:03,151,0,4,이거 시간 좀 지나야 효과 나옴?,0,https://gall.dcinside.com/mgallery/board/view/?id=mounjaro&no=111578&page=7
111577,마운자로 꽝이면 위고비도 꽝인거야?,마갤러,2026-04-20 13:37:53,236,0,4,"마운자로가 위고비+알파 니까
마운자로 느낌없으면 위고빓 가도 느낌 없겠지?",0,https://gall.dcinside.com/mgallery/board/view/?id=mounjaro&no=111577&page=7
111576,5쫀쿠는 일주일은 지나서 부작용이 오는데,마갤러,2026-04-20 13:29:59,114,0,0,2.5 처음 맞을때 구토감 무력감 속답답함 이게 주사맞을날 지나고나서 와서 주사를 못맞음,0,https://gall.dcinside.com/mgallery/board/view/?id=mounjaro&no=111576&page=7
111575,10이 찐이라 카던데,성공한런붕이,2026-04-20 13:29:45,507,1,12,"존나 기대중 7.5 마지막 한펜
좆같은 식욕 억제 좀 해줘",1,https://gall.dcinside.com/mgallery/board/view/?id=mounjaro&no=111575&page=7
111574,아 너무 쌔게 꼽았나,ㅇㅇ,2026-04-20 13:29:08,153,0,1,ㅈㄴ아프네 ㅋㅋㅋㅋㅋㅋ 시뻘개졌다,0,https://gall.dcinside.com/mgallery/board/view/?id=mounjaro&no=111574&page=7
111573,마운자로 1주차,ㅇㅇ,2026-04-20 13:26:35,134,0,1,"아침일어나서 펜 하나 더 꼽았다.
이번건 꽤 아프네 정상을 위해서 달린다.
모두 화이팅!",2,https://gall.dcinside.com/mgallery/board/view/?id=mounjaro&no=111573&page=7
111572,야원래 혈압잘오름?,캐딸형,2026-04-20 13:21:41,135,0,2,"2주차 끝났는데
조금걸었는데 막 혈압이빠이 오르는느낌들고 가끔그러는데
이게저혈압임? 고혈압아니냐
- dc official App",0,https://gall.dcinside.com/mgallery/board/view/?id=mounjaro&no=111572&page=7
111571,오늘 헬스장 결제한다잇,ㅇㅇ,2026-04-20 13:20:22,179,0,11,"미뤄두고 미뤄두다 할거면 본격적으로 생각이 확들어서
오늘 퇴근하고 결제하러간다이
씹돼지라 큰운동은 못하지만 웨이트 전후로 워킹, 자전거 굴리기같은 유산소는 꼭 하려고함
이번엔 마음먹고 오래해야지
- dc official App",0,https://gall.dcinside.com/mgallery/board/view/?id=mounjaro&no=111571&page=7
111570,감량폭 적어도 공복감 덜들면 증량하지말까?,마갤러,2026-04-20 13:12:32,184,0,3,"177cm 116.5 시작
2.5미리 1달 5키로감량
5.0 증량 1달 5키로감량
5.0 증량 1달 3키로감량
다시 5미리 구매했음 확실히5미리 3달차다보니까 밥먹으면 소화불량처럼 소화자달고살고 이런느낌은 지나갔고 정상적으로 2끼먹으면 하루 버틸수있는정도임 증량해?",0,https://gall.dcinside.com/mgallery/board/view/?id=mounjaro&no=111570&page=7
111569,님들 마쫀쿠 온누리로 결제하면 얼마나 더 저렴한 거임??,ㅇㅇ,2026-04-20 13:07:47,246,0,5,"종로 갔는데 당연히 온누리 안 될 줄 알았는데 온누리로 결제할 거냐고 묻더라.
아무것도 준비 안 돼있기도 했고 5쫀쿠 진료비까지 38이면 저렴하다고 들어서 그냥 카드 결제했는데 한 10프로 차이남?? 다음엔 준비하고 가야겠네",0,https://gall.dcinside.com/mgallery/board/view/?id=mounjaro&no=111569&page=7
111568,헬스장 짤이 진실이였구나,ㅇㅇ,2026-04-20 13:04:54,474,0,10,"분명 1월 2월에 나랑같은 뚱땡이들 개많았는데
결국 5월근처되니까 뚱땡이들 98퍼는 다사라짐 ㅠㅠ",0,https://gall.dcinside.com/mgallery/board/view/?id=mounjaro&no=111568&page=7
111567,인스타 보다가 어질어질함,ㅇㅇ,2026-04-20 13:04:26,465,0,13,나만 볼수없지,4,https://gall.dcinside.com/mgallery/board/view/?id=mounjaro&no=111567&page=7
111566,기립성저혈압 개심해지노,타우맨,2026-04-20 13:02:27,271,1,19,"이거 어케 회복하냐??
탘수를 좀 덜먹긴하거든 탄수채워야 없어짐?",1,https://gall.dcinside.com/mgallery/board/view/?id=mounjaro&no=111566&page=7
111565,5쫀쿠 3개월차인데 슬 안듣는거같은데,마갤러,2026-04-20 12:58:07,191,0,4,5쫀쿠 3펜남았는데 5일텀으로 돌릴까 담달에 7.5쫀쿠 갈까하는데,0,https://gall.dcinside.com/mgallery/board/view/?id=mounjaro&no=111565&page=7
111564,종비 추천해달라구 종비,ㅇㅇ,2026-04-20 12:57:57,136,0,6,"ㅋㅋ
종비 추천좀 ㅠㅠ
혹시 제품 한개 추천 가능하겠습니까",0,https://gall.dcinside.com/mgallery/board/view/?id=mounjaro&no=111564&page=7
111563,고용량 올라오고 먹는양 주니까 어지럽네,ㅇㅇ,2026-04-20 12:55:29,97,0,1,기립성으로 좀 어지럼이 느껴져 ㄷㄷ,0,https://gall.dcinside.com/mgallery/board/view/?id=mounjaro&no=111563&page=7
111561,밀수했다고 자랑하는 ㅂㅅ은 뭐냐?,마갤러,2026-04-20 12:51:57,289,1,6,"밑에 직접 밀수했는데 안걸렸다고 범죄 저질렀다고 홍보하고 자랑하는 ㅅㅋ는 뭐냐?
ㅄ 인증대회라도 열었음?
글 지우면 증거가 사라짐? ㅋ",0,https://gall.dcinside.com/mgallery/board/view/?id=mounjaro&no=111561&page=7
111560,5.0도 품절대란이야?,마갤러,2026-04-20 12:50:42,390,0,5,"예약하려니깐
어플예약은 확정이 아니라고 뜨는데",0,https://gall.dcinside.com/mgallery/board/view/?id=mounjaro&no=111560&page=7
111559,근데 뚜껑닫고 주사하는 애들은 진짜 매주 몇명나오는듯 ㅋㅋㅋ,ㅇㅇ,2026-04-20 12:50:04,249,0,5,마운자로 보존의법칙인가,0,https://gall.dcinside.com/mgallery/board/view/?id=mounjaro&no=111559&page=7
111558,2주메타는 어떰?,마갤러,2026-04-20 12:46:44,98,0,1,"이제 유지단계인데
5.0을 2주메타로 쓸지
다른회사
2.4로 1.0 유지할지
...",0,https://gall.dcinside.com/mgallery/board/view/?id=mounjaro&no=111558&page=7
111557,플라시보 효과인가 벌써부터,피트와셰리사이,2026-04-20 12:44:50,162,0,11,"5미리 맞은지 세시간 좀 지났는데
벌써부터 식욕이 컨트롤되는것 같음
와 시발 세상 존나 좋아졌네",0,https://gall.dcinside.com/mgallery/board/view/?id=mounjaro&no=111557&page=7
111555,2.5품절이네ㅡㅡ,마갤러,2026-04-20 12:43:09,237,0,3,"낼 맞아야 되는데 못 맞게됨
한주 쉬어도 되나
근데 한주 지나고도 안 들어오면 어쩌지
2.5로만 4개월째인데 부작용때매 5로는 못맞음ㅠ
이게 다 날씬한애들이 사가서 그런건가",0,https://gall.dcinside.com/mgallery/board/view/?id=mounjaro&no=111555&page=7
111554,이 살빼기 좋은시대에 살면서,타우맨,2026-04-20 12:39:54,468,1,33,"살 안빼고 돼지로 살아가는것도 문제아니냐??
육수돼지들보면 막 화가난다",0,https://gall.dcinside.com/mgallery/board/view/?id=mounjaro&no=111554&page=7
111553,마운자로 5일차 밥상,ㅇㅇ,2026-04-20 12:39:53,238,1,3,"누가 배달로 시켜먹는건 식단이아니래
그러므로 내가만든게아니라
밥상으로 바꿔서 올릴게
당근라페계란샌드위치 시켰어
소스는 따로없고 이미 당근라페가 버무려져있기때문에
근데 이거먹기전에 스위트베지밀 저당 160 하나마셨는데
이미 배부름
반쪽만 먹고 나머지 저녁에 먹을거같아
이거랑 나중에 먹을 연두부1 오렌지1 그릭요거트 100그램이 오늘의 밥상이야
5일차
아침기상시간, 여전히 일찍 못일어나겠음 눈은떠지는데 너무피곤해서 다시자야함
더부룩, 매스꺼움 없음
식욕이올라오긴하는데 피자치킨이런거 안땡김
근데아직도 두유한팩 마시면 엄청배부르고 뭔가 위장쪼이는느낌듬
반감기라그래서 걱정했는데 아직 난 아닌듯
좀따 2시간정도 걸으러갔다가
저녁에는 이번쥬에 먹을 닭가슴살 컬리플라워 데쳐서 냉동해놔야겠다",1,https://gall.dcinside.com/mgallery/board/view/?id=mounjaro&no=111553&page=7
111552,보면 확실히 성별 차이가 꽤나 큰 듯,마갤러,2026-04-20 12:37:10,371,0,11,"남 녀 빠지는 속도가 많이 다르긴하네
- dc official App",0,https://gall.dcinside.com/mgallery/board/view/?id=mounjaro&no=111552&page=7
111551,곤약밥 해먹으려면 채반꼭사라,10돼지등린이,2026-04-20 12:29:47,162,0,7,"곤약밥 지어먹으려고 습식곤약미샀는데 냄새빼기 개빡셈
거기다 곤약이 물위에뜨다보니 쌀씻듯 씻는게안됨 무조건 체잔있어야됨..
집에 채반없어서 임시로 렌지용 야채찜기에다부어서 거의 3-4분 가까이 씻어서 겨우냄새빠진듯.
아침에 밥지어진거보니 잡곡에 완두콩이랑 흑미도들어가고해서인지 냄새는 딱히안나서 먹을만한듯
가끔 ""건식은 냄새안나고 바로지을수있어서 좋음"" 이라는 사람들있는데 건식은 말이곤약미지 타피오카 전분덩어린거 알제?",0,https://gall.dcinside.com/mgallery/board/view/?id=mounjaro&no=111551&page=7
111549,마운자로는 존나 비싼 복권임,몽땅,2026-04-20 12:25:13,408,0,11,"주변에 씹돼지인데 성격 좋고 돈 많은 여자 있으면
병원 대리고 가서 니가 복권 한 3개월 긁어줘라
여신으로 변할 확률 90%이상임.",0,https://gall.dcinside.com/mgallery/board/view/?id=mounjaro&no=111549&page=7
111548,2주 뒤면 딱 2달차인데,마갤러,2026-04-20 12:22:48,142,0,4,"-10키로 찍을 거 같음
한 달 5키로 감량이니 지랄스럽지 않네
5로 한 달 더 맞고 2.5로 유지해볼 예정
더는 못맞아
돈없어",0,https://gall.dcinside.com/mgallery/board/view/?id=mounjaro&no=111548&page=7
111547,마인크래프트 2.5 apk 일본판 온라인 1.5 ㅁㅌㅊ,ㅇㅇ,2026-04-20 12:22:42,139,0,6,"일본 사는 일게이들 답변 부탁
- dc official App",0,https://gall.dcinside.com/mgallery/board/view/?id=mounjaro&no=111547&page=7
111545,5로 한 10달 맞아도 되나,마갤러,2026-04-20 12:17:35,128,0,1,"정상체중이긴함
딱 당중독만 막으면 됨
- dc official App",0,https://gall.dcinside.com/mgallery/board/view/?id=mounjaro&no=111545&page=7
111544,귀리<이새끼먹는사람은 살 빠질자격있다,킹데스,2026-04-20 12:15:13,372,0,33,"일주일째 4끼먹었는데
이새끼 존나빡세다
적응이안된다
개미친 내가먹은음식중에 난이도 1톱임",0,https://gall.dcinside.com/mgallery/board/view/?id=mounjaro&no=111544&page=7
111543,살빼는거 관련해서 갑자기 그런 생각도 든다,마갤러,2026-04-20 12:10:17,405,0,43,"원래 건강하게 빼려면 1500 탄단지 지켜가면서 먹고 일주일에 체지방만 1키로씩 빼는게 좋다고 생각하는 사람이고 내 기준으론 변하지 않는데,
이러면 사실 마운자로가 진짜 의미가 크지 않다고 생각함.
결국 마운자로가 식욕억제는 해주지만 장운동도 줄여서 소화도 느리게 하다보니 영양흡수도 제대로 못하는 것 같고, 무엇보다 식단 지켜서 먹는게 너무 힘든듯
차라리 그냥 운동은 계속 하되, 초반에는 유산소도 섞어가며 저탄고단 조져서 대사적응이든 기아상태든 800~1000먹고 ㅈㄴ뺀다음
유지자로 하면서 근력늘리고 점점 식사량 늘리고,
테이퍼링 하면서 1500 탄단지 지키고 클린식 해서 대사랑 기아상태 되돌린다음
단약하고 몇개월동안 지속하면서 셋포인트 만들면 요요도 적고 괜찮을거같지 않냐
그냥 운동이나 관련 전공자도 아니고 개인적인 생각임",0,https://gall.dcinside.com/mgallery/board/view/?id=mounjaro&no=111543&page=7
111542,오늘 아점,ㅇㅇ,2026-04-20 12:09:46,35,0,0,"두부 반모, 오이무침 1간장종지, 돼지국밥, 흑미밥 반그릇
ㅁㅌㅊ?",0,https://gall.dcinside.com/mgallery/board/view/?id=mounjaro&no=111542&page=7
111541,운동하고 샤브뷔페왔는데 한접시먹고 배부르노 ㅅㅂ,ㅇㅇ,2026-04-20 12:04:36,148,0,2,,2,https://gall.dcinside.com/mgallery/board/view/?id=mounjaro&no=111541&page=7
111540,근육통 박살나네,굴러다님,2026-04-20 12:03:45,71,0,0,"위고비 꼽을때는 안이랫는데 전신 웨이트 빡세게 조진거 마냥 아픔
좀 지나가면 나아질랑가
- dc official App",0,https://gall.dcinside.com/mgallery/board/view/?id=mounjaro&no=111540&page=7
111539,요거트나 유산균 진짜 중요하다,피트와셰리사이,2026-04-20 12:03:12,257,1,9,"그거 안먹고 먹는거 줄어들면 변비오는게 당연한 이치인데
이게 심해지면 어떤 현상까지 생기냐면
(글카스 숨김)
그 똥들이 막히고 굳어서
손가락으로 똥 파내야함
씨발 구라아님
난 그래서 관장약(야동에 나오는 그거 맞음)
한개 짜넣고도 안되서
잘갑끼고 손에 기름 바르고
진짜 긁어냈음
그러니까 니들은 진짜 잘 챙겨먹으란 이야기임",0,https://gall.dcinside.com/mgallery/board/view/?id=mounjaro&no=111539&page=7
111538,5mg로증량해도 될까요?,마갤러,2026-04-20 12:01:54,182,0,7,"2.5 1달차 117>113
식욕 조금 없어짐
설사,변비,속쓰림,소화불량 부작용 1주일 정도
인데 용량 증량해도 될까요?",0,https://gall.dcinside.com/mgallery/board/view/?id=mounjaro&no=111538&page=7
111537,와 요즘 추세 너무 좋은데,ㅇㅇ,2026-04-20 12:01:36,188,1,1,"대략 25일차인데 112 -> 104임
한 열흘전부터 체중 변동은 없는데 체지방이랑 골격근이 엄청 좋아졌다
체해서 며칠 못 먹을땐 체지방 38.5%에 골격근 36.0kg까지 갔었는데
몸비틀면서 운동하고 여기 팁대로 단백질 잔뜩 조진게 효과가 있었나봐
체지방 33%, 골격근 39.5kg 나오네 미쳤다!
좋다 이대로만 갑시다!",2,https://gall.dcinside.com/mgallery/board/view/?id=mounjaro&no=111537&page=7
111536,몸무게 차이가 너무 심합니다;;,마갤러,2026-04-20 11:58:43,451,0,26,"제가 어제 아침에 공복 몸무게 쟀을때
105.6이었어요
근데 오늘 아침 공복 몸무게 재니까 107.1이 나오네요
어제아침부터 오늘아침까지 먹은거라곤
점심에 육회130g 비빔면1봉지
제로콜라 3캔 짱셔요 젤리 1봉지, 프링글스 반통
사라다빵1개인데
간식을 먹었다쳐도 보통 수면때도 칼로리 소모하기때문에
체중이 어느정도는 내려가있어야 정상인데
저정도 먹었다고 1.5키로찌는건 많이 이상하네요
체중계도 두개로 번갈아가면서 재기때문에 오차는 없습니다",0,https://gall.dcinside.com/mgallery/board/view/?id=mounjaro&no=111536&page=7
111535,23일 허니콤보 엽떡 호두과자 먹는날,성공한런붕이,2026-04-20 11:52:14,111,0,5,"기대중
아니 안 먹으면 정신병 걸릴것 같음",0,https://gall.dcinside.com/mgallery/board/view/?id=mounjaro&no=111535&page=7
111534,오늘 몸무게 늘어난 이유,ㅇㅇ,2026-04-20 11:49:16,220,0,8,"아침에 쟀는데 이상하게 좀 늘었더라고
생각해보니 아직 발기 안풀린상태에거 재서 1키로정도 더 나온듯",0,https://gall.dcinside.com/mgallery/board/view/?id=mounjaro&no=111534&page=7
111533,난 설사인데 변비오는애들은 뭐임,ㅇㅇ,2026-04-20 11:46:57,183,0,4,"일케 극단적으로 갈릴수가...
- dc official App",0,https://gall.dcinside.com/mgallery/board/view/?id=mounjaro&no=111533&page=7
111531,곱창김 왜케 맛있냐,ㅇㅇ,2026-04-20 11:42:57,95,0,5,그냥 김만 씹어먹는데 은근 배부름,0,https://gall.dcinside.com/mgallery/board/view/?id=mounjaro&no=111531&page=7
111530,마쫀쿠 2.5 4주차 끝 8.5kg 정도 감량한듯,마갤러,2026-04-20 11:42:35,238,1,4,"키 170 / 103 -> 94.5
인바디 수치는 모름.. 측정표를 병원에서 보관 중이라 다음에 의사한테 나도 받아볼 수 있냐고 물어볼 예정
아침 - 그릭요거트+블루베리 or 계란2알 / 점심 - 양 줄인 일반식 / 저녁 - 현미밥+닭가슴살1팩+샐러드
운동도 안하고 이렇게 적당히 식단관리 하는데도 생각보다 잘 빠져서 놀랬어
8시 이후에 아예 안 먹고 빵 과자 면 음료수 아예 끊어서 그런가
아무튼 첫달이라 잘 빠진거같구 두번째달에 잘 안 빠져도 계속 맞을 예정....",0,https://gall.dcinside.com/mgallery/board/view/?id=mounjaro&no=111530&page=7
111529,그릭요거트 먹는 사람 몇 그램씩 먹음?,성공한런붕이,2026-04-20 11:42:07,137,0,9,80짜리 시켰는데 먹어보고 150 증량하게,0,https://gall.dcinside.com/mgallery/board/view/?id=mounjaro&no=111529&page=8
111528,근육운동 양을 늘림,애매망량,2026-04-20 11:41:05,60,0,0,"근골격량이 줄지는 않았는데, 약간 줄려고 하는 기미가 보여서
근육운동량을 늘리고, 단백질 파우더 먹음
살은 알아서 빠짐~~",0,https://gall.dcinside.com/mgallery/board/view/?id=mounjaro&no=111528&page=8
111527,이런씨발6개월만에 베라먹어보려는데,ㅇㅇ,2026-04-20 11:39:56,273,0,6,"초콜릿무스 << 단종됐음
아 씨발 난 원래씹돼지시절 베라쿼터에
초콜릿무스만 4개담아먹는걸 좋아하던사람이었는데
마운자로맞는동안 설탕끊어서 참다가
오늘 오랜만에 시켜보려니 단종이래
아 씨발 이런개씨발",1,https://gall.dcinside.com/mgallery/board/view/?id=mounjaro&no=111527&page=8
111526,2.5미리 한달동안 체중감량 하나도 안됨,마갤러,2026-04-20 11:37:01,291,0,8,"5미리로 증량한다고 체감이 올까
30만원 그냥 허공에 던진 느낌임
돈 허공에다 버리는거 아닌지 모르겠다",0,https://gall.dcinside.com/mgallery/board/view/?id=mounjaro&no=111526&page=8
111525,아무리생각해도 당뇨초기였나봄 나,마갤러,2026-04-20 11:32:42,336,0,9,"마운자로 맞자마자
만성피로 사라지고 허리통증도 없어지고 몸 가려움도 많이 개선됐네
하루만에 이렇게 달라져서 피검사 받아봤는데
당뇨 전단계나 초기면 이거 30만원 약 처방받은거 보험처리 가능한가",0,https://gall.dcinside.com/mgallery/board/view/?id=mounjaro&no=111525&page=8
111524,카카오매스 먹을만하네 ㅇㅇ,마갤러,2026-04-20 11:28:46,39,0,0,"배송와서 먹어봤는데
조금씩 갉아묵으면 쌉싸름하니 맛 괜찮네 ㅇㅇ
지방 모자랄 때 간식으로 먹어야겠다
- dc official App",0,https://gall.dcinside.com/mgallery/board/view/?id=mounjaro&no=111524&page=8
111523,쫀쿠 2.5 재고 없대,당질제한,2026-04-20 11:18:13,255,0,5,"언제 들어올지 모른대.. ㅋㅋ 원내처방임
오늘이 4주찬데 미리 오길 잘했노...
- dc official App",0,https://gall.dcinside.com/mgallery/board/view/?id=mounjaro&no=111523&page=8
111522,밥먹즈아~,마뚱뚱이,2026-04-20 11:15:56,115,1,8,요거트 다떨어졌는데 커클랜드 맛 어떤가요 먹을만해요?,1,https://gall.dcinside.com/mgallery/board/view/?id=mounjaro&no=111522&page=8
111521,아오 화장실 가는데 이틀 연속으로 딱딱하네,마갤러,2026-04-20 11:06:08,159,0,6,"잘 나오긴 하는데
평소보다 넘 딱딱함
물렁하게 만들려면 어케 해야함?
지금 차전자피 2일에 한번씩 먹고 있고 물도 의식해서 많이 마시는 중",0,https://gall.dcinside.com/mgallery/board/view/?id=mounjaro&no=111521&page=8
111520,음 퀵펜 국자로 남은거 다쓰면 위고비로 내려갈까,주먹을들기전에,2026-04-20 10:58:01,143,0,0,그때쯤이면 목표체중+5~10일거같은데,1,https://gall.dcinside.com/mgallery/board/view/?id=mounjaro&no=111520&page=8
111519,대전사는데 소아청소년과에서 받아도 해주나..?,삐삐뺘뺘,2026-04-20 10:57:43,152,0,10,"성인인데 마운자로 처방받으려고 알아보니 가까운곳이 하필 소아청소년인데 되려나..
- dc official App",0,https://gall.dcinside.com/mgallery/board/view/?id=mounjaro&no=111519&page=8
111518,마운자로 맞고 먼가 성욕이 줄어든 느낌임,ㅇㅇ,2026-04-20 10:57:22,203,0,5,ㅇㅇ ㄹㅇ루,0,https://gall.dcinside.com/mgallery/board/view/?id=mounjaro&no=111518&page=8
111517,수영운동의 장점.,마갤러,2026-04-20 10:54:34,268,3,12,"수영좋아하는 돼지인데
수영의문제점이 하고나면
공복감때문에 살이안빠지는데
그걸 잡아주니 너무좋다.
몸창피한거신경안써서 수영장
잘다니는중.. 아직도 수영장에서
내가 압도적인 돼지다.
모두 화이팅하자.",1,https://gall.dcinside.com/mgallery/board/view/?id=mounjaro&no=111517&page=8
111516,식단+운동으로만 살뺐다가 요요오는건 어케되는거임,마갤러,2026-04-20 10:54:17,331,0,20,"마쫀쿠말고 그냥 식단+운동 정석으로 뺀사람들도 요요온다던데 경험해본사람있음?
몇개월동안 고생고생해서 빼고 식습관 바뀐걸 식욕이 이겨버리는건가",0,https://gall.dcinside.com/mgallery/board/view/?id=mounjaro&no=111516&page=8
111515,다맞고나서 반방울정도샌건 상관없어?,마갤러,2026-04-20 10:42:08,191,0,9,"병원에서 제대로 대고 주사시작 > 바늘이 알아서 빠져나온 후 몇초 기다리고 떼라해서 그렇게 하고있거든.
토요일에 주사할때보니까 분명 평소랑 똑같이 주사 다 했는데 뭔가 액체가 아주조금 맺혀있더라고.
이틀지났는데 약효 잘듣고있는거보면 이건 신경안써도되는레벨이겠지..?",0,https://gall.dcinside.com/mgallery/board/view/?id=mounjaro&no=111515&page=8
111514,아까 공중에 10만원 날린사람인데 핥으면 어케됨?,ㅇㅇ,2026-04-20 10:41:59,340,2,9,"핥지않은것보단 효과가 있지않을까
- dc official App",2,https://gall.dcinside.com/mgallery/board/view/?id=mounjaro&no=111514&page=8
111513,고지혈증 약 처방 받음,당질제한,2026-04-20 10:40:37,210,0,14,"내과에서 피검사 하고 콜레스테롤 높다고 처방 받음
약 하고 마쫀쿠 같이 하면 금방 낫겠지?
- dc official App",1,https://gall.dcinside.com/mgallery/board/view/?id=mounjaro&no=111513&page=8
111512,위고비 왜 싫어해?,마갤러,2026-04-20 10:39:50,351,0,5,일론머스크보다 소중한 몸이라?,0,https://gall.dcinside.com/mgallery/board/view/?id=mounjaro&no=111512&page=8
111511,마쫀쿠는 신 맞음,ㅇㅇ,2026-04-20 10:39:37,368,0,16,"한달변화 ㅆㅅㅌㅊ
운동 많이 못하고 식단만 하고 단백질 많이무금
- dc official App",2,https://gall.dcinside.com/mgallery/board/view/?id=mounjaro&no=111511&page=8
111510,어디가서 사나요ㅠ,마갤러,2026-04-20 10:37:57,159,0,4,"어디서 사야되나 도대체ㅜㅜ
종로 ㅅㅈㄹ 전화해서 예약하면됨?
도대체 어디가서 예약하고 사야되는거지ㅠㅠ
알려주실분 ㅠㅠㅠ",0,https://gall.dcinside.com/mgallery/board/view/?id=mounjaro&no=111510&page=8
111509,속 엄청나게 쓰리다,마갤러,2026-04-20 10:37:53,67,0,2,"어제 저녁 6시, 9시에 시험이라서 하루종일 무당에너지드링크1개, 에너지바2개만먹고 공부 계속하다가
시험끝나고 9시반에 낙곱새 볶아서 볶음밥 만든다음에 기름 쫙빼고 먹었다?
이것도 그나마 5스푼먹고 물려서 못먹었는데 위산역류하나 식도가 너무 쓰려
소화시킨다고 새벽 3시에 잤는데도 이러네
당장 물 많이마시는것 말고는 방법없나 ㅠ",0,https://gall.dcinside.com/mgallery/board/view/?id=mounjaro&no=111509&page=8
111508,국산자로 출시 진짜임?,주먹을들기전에,2026-04-20 10:33:05,559,1,11,한미약품인가 거기서 만든다메,1,https://gall.dcinside.com/mgallery/board/view/?id=mounjaro&no=111508&page=8
111507,고기싸롱,백탕마라탕,2026-04-20 10:32:03,127,0,3,"방금 지나가다가 갤에서 꽤 봐서 왠지 모르게 반갑더라 ㅋㅋ
초창기엔 잘 갔었는데 어느순간은 연육제를 너무 때려부어서 비계가 계란흰자처럼 흐물거리는거 먹고나서 배탈 나가지고 다시는 안가는중",1,https://gall.dcinside.com/mgallery/board/view/?id=mounjaro&no=111507&page=8
111506,시발 한개날리고 한개다시꼽았다....,ㅇㅇ,2026-04-20 10:29:30,167,0,2,"병원에서 할땐 항상 피 두방울정도 났었는데
두꺼운곳에 놔서 그런가 피안나네
꽉눌렀고 뗐을때 액체 없었으니 들어간거겠지
- dc official App",0,https://gall.dcinside.com/mgallery/board/view/?id=mounjaro&no=111506&page=8
111505,너네 배달시키면 얼마나 먹냐,ㅇㅇ,2026-04-20 10:29:27,109,0,3,나 충동적으로 시켰는데 진짜 10분의 1 먹고 숟가락 놓는 내 자신을 보고 놀라는 중임,0,https://gall.dcinside.com/mgallery/board/view/?id=mounjaro&no=111505&page=8
111504,8주차 인바디,킹데스,2026-04-20 10:29:12,233,1,18,"126 -115
11kg
존나잘쳐먹고다니긴했나봐
다른친구들하고 비교되는군
열심히 가보자고",1,https://gall.dcinside.com/mgallery/board/view/?id=mounjaro&no=111504&page=8
111503,CAS 몸무게 어플 쓰는 사람??,ㅇㅇ,2026-04-20 10:28:20,61,0,2,삼성 헬스랑 자동 연동 돼서 줄곧 이거 썼었거든? 근데 CAS 어플 업데이트 얼마전에 된 이후로 체중 측정하는 버튼이 어디에도 안 보이는데 나만 이럼??,0,https://gall.dcinside.com/mgallery/board/view/?id=mounjaro&no=111503&page=8
111502,마른비만의 다이어트,ㅇㅇ,2026-04-20 10:24:42,228,0,3,"웨이트랑 칼로리제한으로 77에서 70까진 뺐는데
그후로 입터져서 한번씩 폭식하다보니까 몇달째 체중이 제자리
70부터 마운자로 시작하니 이제 체중계가 움직이네
근육량이 씹창난 이유는
다이어트 - 요요 - 다이어트 - 요요반복하면서 근육 다 날라감",4,https://gall.dcinside.com/mgallery/board/view/?id=mounjaro&no=111502&page=8
111501,2주 단약 후 재시작 인바디,ㅇㅇ,2026-04-20 10:18:45,164,0,1,"25년 12월 123kg 시작(인바디는 주사 맞고 측정 한거라 더 낮게 나옴)
키는 181임
2.5 - 5 - 5 - 10 - 10(주사 1번 쓰고 2주 단약) - 5",1,https://gall.dcinside.com/mgallery/board/view/?id=mounjaro&no=111501&page=8
111500,살이 너무 잘빠져서 걱정임,타우맨,2026-04-20 10:18:11,396,0,12,"4월1일 86.1
오늘 82.2
진짜 배달 운동법이 되는건가 계단 마니타긴하는데
좆대뿟노 아무리봐도 근육이 녹는거같다
요새 배달한다고 웨이트 안하는중인데",1,https://gall.dcinside.com/mgallery/board/view/?id=mounjaro&no=111500&page=8
111499,9주차 이제 겨우 10kg 뺐는데,마갤러,2026-04-20 10:15:12,285,0,6,"161 84에서 74됨
그게 문제가 아니고 노동절 연휴에 쫀쿠 먹기 시작한 이후로 처음 본가가는데 아 뭔가 더 빼서 가고 싶음 한 3kg는 더
지금 티가 아예 안 나는 것같고 부모님한테는 말해놓은 상태라 뭔가 극적인 모습을 보여주고 싶은데 10일간 어떻게 살아야할까",0,https://gall.dcinside.com/mgallery/board/view/?id=mounjaro&no=111499&page=8
111498,"혈압, 혈당, 콜레스테롤 검사하고왔어요",마뚱뚱이,2026-04-20 10:13:40,141,0,7,"173cm 104kg  공복상태 입니다. 근처 보건소 갔는데 6개월에 한번씩 무료로 되더라고요
빵, 면 흰색 정제 탄수 줄이면서 체중감량 하라고 하십니다.",1,https://gall.dcinside.com/mgallery/board/view/?id=mounjaro&no=111498&page=8
111497,마운자로 일주일 후기,마갤러,2026-04-20 10:13:12,183,0,2,"지금까지 어느 약도 다 이겨내서 반신반의 하고 샀는데
식욕 억제가 진짜 여타 다른 약과는 비교가 미안한 수준
일단 느낀점은 소식하면 안될거같음
소식하면 저녁에도 약간 허기진 느낌이 드는데
점심을 정한 칼로리 이내에서 건강하게 먹으면
저녁에도 배불러서 야식 생각이 안듬
보쌈 눈앞에 두고도 배불러서 두세점 먹은건 처음
4키로밖에 못뺏지만 첨에 돈아깝다는 생각 많이 들었는데
1년 500 지방흡입 받았다 생각하면 뭐 아깝지 않은듯",0,https://gall.dcinside.com/mgallery/board/view/?id=mounjaro&no=111497&page=8
111496,변비 해결 꿀팁,ㅇㅇ,2026-04-20 10:13:11,144,1,4,"어제 냉장고 문 열었다가 보이길래 생당근 먹었는데 변기 뿌셨다
생당근 꼭꼭 씹어먹어라 추천한다
먹기전 무게 쟀을때 200g 정도 됐음",0,https://gall.dcinside.com/mgallery/board/view/?id=mounjaro&no=111496&page=8
111495,방금 밑에 감량 더디다고 글 쓴 사람인데,ㅇㅇ,2026-04-20 10:13:06,220,0,6,"https://m.dcinside.com/board/mounjaro/111490
인바디 비교해보니 골격근 0.5kg 밖에 안 빠졌긴 하네 (120kg일 적엔 인바디 안 재봤음)
댓글 말마냥 건강하게(?) 빼고 있는 중인 듯",2,https://gall.dcinside.com/mgallery/board/view/?id=mounjaro&no=111495&page=8
111494,어제 축구 볼걸 그랬노,ㅇㅇ,2026-04-20 10:11:12,82,0,3,"ㅅㅂ 출긍해서 하이라이트만 보는데 존잼이네
잘 자야 살빠진대서 포기하고 잤는데",0,https://gall.dcinside.com/mgallery/board/view/?id=mounjaro&no=111494&page=8
111493,야이개시발 10만원 날렸네 아,ㅇㅇ,2026-04-20 10:08:55,1411,15,21,"한번 놓으면 끝나는건가?하고 눌렀더니 퓨우우욱하면서
다빠져나감
아....
- dc official App",1,https://gall.dcinside.com/mgallery/board/view/?id=mounjaro&no=111493&page=8
111492,하 시바 병원가야겠다,헐레벌떡,2026-04-20 10:02:13,131,0,2,토일 둘다 피떵쌈; 변비때메 그런가 나 치질인가 ㅅㅂ,0,https://gall.dcinside.com/mgallery/board/view/?id=mounjaro&no=111492&page=8
111491,이번주가 마지막인데 2.5 없으면 어카냐?,ㅇㅇ,2026-04-20 10:01:50,210,0,2,"재고 들어올때까지 안맞고 기다려야됨?
아니면 5라도 맞아야됨?
2.5 1달 맞았는데 이제",0,https://gall.dcinside.com/mgallery/board/view/?id=mounjaro&no=111491&page=8
111490,난 왜 이렇게 감량 속도가 더디냐?,ㅇㅇ,2026-04-20 09:59:11,300,1,12,딴 사람들 보면 6개월 만에 120 > 80도 되던데 난 좀 많이 느리네...,1,https://gall.dcinside.com/mgallery/board/view/?id=mounjaro&no=111490&page=8
111489,갤에 페이코 셀렉스 모임링크 잇으?,ㅇㅇ,2026-04-20 09:56:48,44,0,0,할인받고 싶어,0,https://gall.dcinside.com/mgallery/board/view/?id=mounjaro&no=111489&page=8
111488,하루 방울토마토6개 계란2개제외 굶는게말이되냐?,마운,2026-04-20 09:55:10,147,1,2,"계란2개와 방울토마토 6개 아메리카노디카페인 한잔
물 1.5L 터 한병이 하루식단
7.5미리맞고 저게버텨진다고?",0,https://gall.dcinside.com/mgallery/board/view/?id=mounjaro&no=111488&page=8
111487,진료비 7은 존나 선넘네 ㅡㅡ,ㅇㅇ,2026-04-20 09:55:00,303,0,4,3-4만까지만해도 그러려니 할텐데 배짱장사하나 ㅡㅡ,1,https://gall.dcinside.com/mgallery/board/view/?id=mounjaro&no=111487&page=8
111485,2.5 씨발 언제 재입고 되는데,마갤러,2026-04-20 09:46:41,106,0,0,나 이러다 5 맞아버려요~~~?,0,https://gall.dcinside.com/mgallery/board/view/?id=mounjaro&no=111485&page=8
111484,생각해보니 2.5사면 호구냐? 5랑 10만차이던데,ㅇㅇ,2026-04-20 09:40:10,280,0,4,"오늘 2.5사러갈랬는데 5랑 10만원차이더라고.
용량은 두배차이인데 32주고 2.5사면 호구인가
위고비전력도 있는데(부작용제로 물론 효과도 미비) 그냥 5살까",0,https://gall.dcinside.com/mgallery/board/view/?id=mounjaro&no=111484&page=8
111483,나도 하루하루 인바디 측정함,혼테일0회참가자,2026-04-20 09:35:56,135,1,1,"오늘아침 97.9
5mg 2주차 맞음
- dc official App",2,https://gall.dcinside.com/mgallery/board/view/?id=mounjaro&no=111483&page=8
111482,하루 한끼 식단은 에바임??,ㅇㅇ,2026-04-20 09:35:48,173,0,2,"하루 두끼 식단했더니 어지러움증 와서
아침에 회사밥 백반먹으니 좀 괜찮아짐
양 조절만 잘하면 저녁 한끼만 식단해도 괜찮냐?
2.5 7일차 95 -> 91임
- dc official App",1,https://gall.dcinside.com/mgallery/board/view/?id=mounjaro&no=111482&page=8
111481,마운자로 2주차 운동기록..,날궈낭.,2026-04-20 09:34:58,68,0,0,"[2주차 운동기록]
---
[26.4.14 / 화 / 하체데이]
체중: 90.5
컨디션: 보통
■ 하체
스쾃: 105kg 5x3
데드: 100kg 3x3
■ 상체
물푸: x
밀푸: x
■ 등
랫풀: x
풀업: x
■ 보조
사레레: x
벤트오버: x
■ 특이사항
신경계 피로 고려, 강도 조절
---
[26.4.15 / 수 / 상체데이]
체중: 90.5
컨디션: 보통
■ 하체
스쾃: x
데드: x
■ 상체
물푸: 5x5
밀푸: 5x5
■ 등
랫풀: x
풀업: x
■ 보조
사레레: 빈물병으로 자극점찾기
벤트오버: 빈물병으로 자극점 찾기
■ 특이사항
상체위해 약국에서 연습함
---
[26.4.16 / 목 / 하체데이]
체중: 90.5
컨디션: 보통
■ 하체
스쾃: 110kg 5x3 / 115kg 1x2
데드: x
■ 상체
물푸: x
밀푸: x
■ 등
랫풀: 40kg 10x5
풀업: 광배운동연습만
■ 보조
사레레: x
벤트오버: x
■ 특이사항
스쾃 슬슬 빡셈
---
[26.4.17 / 금 / 상체데이]
체중: 90.5
컨디션: 보통
■ 하체
스쾃: x
데드: x
■ 상체
물구나무 푸쉬업: 4 / 5 / 5 / 1 / 1 / 3 / 2 (총 21회)
밀리터리 푸쉬업: 8 / 8 / 8 / 7 (총 31회)
■ 등
랫풀: x
풀업: x
■ 보조
사레레: x
벤트오버: x
■ 특이사항
물푸 고강도 + 밀푸 볼륨 확보
프레스 총량 충분
---
[26.4.19 / 일 / 데드 PR + 하체/등]
체중: 91~92
컨디션: 보통 (마운자로 영향 + 약간 으슬)
■ 데드리프트
60 x3
100 x3
120 x1
140 x1
150 x1 (성공)
160 x1 (실패 / 바 뜸)
■ 하체
스쾃: 90kg 3x3
■ 등
랫풀: 40kg 10x3
32kg 10/12 x1/2
■ 특이사항
복압 사용 증가 → 복근 쥐 전조
150 안정 성공, 160 가능성 확인
스쾃 깊이/밸런스 교정 완료
광배 자극 및 연결 시작
---
원래 데드 170 스쾃 135정도 쳤었는데
열심히 복구중...
딸내미 만나고 6년간 운동쉰게 리얼 데미지가 크다...
- dc official App",0,https://gall.dcinside.com/mgallery/board/view/?id=mounjaro&no=111481&page=8
111480,걍 안맞음 ㅇㅇ,무릎빡도사,2026-04-20 09:29:12,126,0,2,"176 -78로살란다
73이엇는디 찜 ㅋ",0,https://gall.dcinside.com/mgallery/board/view/?id=mounjaro&no=111480&page=8
111479,5로 올리고나니 보충제로 식사때운다는거 이제 이해간다,날궈낭.,2026-04-20 09:25:35,227,0,4,"계란 2개 +우유한잔으로 아침때우려고 했는데
챗지피티가 그러다가 근손실온다고 난리치길래
보충제 한잔 추가로 마셨는데 존나 배부름+느글거리네
마운자로 5로 올린거 효과 확실하고만...
내일부터 아침은 그냥 계란1개+보충제한잔으로 때울까..
주목적이 체중감량보다 몸만들기다보니 근손실 존나무서움
- dc official App",0,https://gall.dcinside.com/mgallery/board/view/?id=mounjaro&no=111479&page=8
111478,진짜 밖에 나가면 안되는듯,inspect2631,2026-04-20 09:25:32,209,0,2,"돌아다니면 진짜 탄수밖에 없음
그리고 요즘 떡복이는 왜 4만원이냐
미친거냐고
3인분이긴함",1,https://gall.dcinside.com/mgallery/board/view/?id=mounjaro&no=111478&page=9
111477,핵고도비만 받아라 새기들아,피트와셰리사이,2026-04-20 09:18:57,1241,13,92,"182cm/182kg 왔다
나같은 비만재능충에게 마운자로 따위가 효과가 있겠노?",0,https://gall.dcinside.com/mgallery/board/view/?id=mounjaro&no=111477&page=9
111476,체중 왜이런걸까,마갤러,2026-04-20 09:15:28,136,0,4,"107 > 98까지 빼고
식단, 운동 매일 그대로, 물만 1L늘리고 화장실 거의 못감.
갑자기 체중이 1키로 넘게쪄서 99.x가 되어버림
오히려 주말에 한끼 낙곱새볶아먹었는데 아침에재니까 97되어있음
주말엔 평일보다 물도좀 적게마시고 화장실도 거의못간단말야.
내몸인데 내가 모르겠다 진짜뭐야이거..?",0,https://gall.dcinside.com/mgallery/board/view/?id=mounjaro&no=111476&page=9
111475,출발전엔  나만의 닥터 재고있음으로 나오더만,무릎빡도사,2026-04-20 09:12:36,242,0,7,"도착하니없다네
개좃같네
하
서울근처 31없나",0,https://gall.dcinside.com/mgallery/board/view/?id=mounjaro&no=111475&page=9
111474,마운자로 대직구시대 타임라인.araboja,ㅇㅇ,2026-04-20 08:59:46,331,3,2,"* 시기별 구분
8월 이전
: 고대굇수 선구자들의 피쉬앤칩스 직구
이후 트황상 불호령에따라 영국 가격인상
레딧 돼지들 카레로 선회, 카레 보급의 시작
~9월
: 매일매일 마갤 직구파 반직구파간 진흙탕싸움
카레 가격 안정화 (15mg퀵펜 기준 대략 32~36만)
ㅎㄴㅇ 등 카톡 판매방 활성화
스시 성지정보 창궐로 ㅂㅂ 등 예약 및 노쇼 러쉬
~10월 중순
: 15mg퀵펜 물량부족 사태
코인수납 사기꾼 등장
물량딸린 린도 셀러들 잠수 및 구라대잔치
스시 성지들의 혐한정서 극대화
* 여기까지는 통관 못하는게 병신
~11월11일
: 통관 강화로 소견서 난민들 대거 발생
성질급한 돼지들 공항 점령
최후통첩 받은 마붕이들 추매추매추매
이후
: 통관불가+꽁꽁이슈로 대직구시대 폐막",0,https://gall.dcinside.com/mgallery/board/view/?id=mounjaro&no=111474&page=9
111473,이거 보려고 매일 측정함,바카디151,2026-04-20 08:54:06,229,1,7,"계단식
누적되는 데이터 분석되는거 보면 신난다
- dc official App",1,https://gall.dcinside.com/mgallery/board/view/?id=mounjaro&no=111473&page=9
111472,마운자로 10일차 (2.5mg),blackrock,2026-04-20 08:46:51,127,0,0,"운동은 이 기간 러닝 10k 4회,
맨몸운동 4회 했음
나머지 2일은 휴식
체중만으로는 0.4kg정도 빠진것 같음.
다이어트를 많이해본 입장으로 다이어트 초기에 급격하게 수분과 글리코겐이 빠졌는데 이번엔 그것도 없는게 좀 특이하네.
최근 인바디를 해본건 아니지만 체성분에 유의미한 변화는 이 짧은기간 없을것 같은데.
식욕억제 효과 관련해서는
원래부터 식이요법은 계속 해 왔지만,
마운자로 투약 후 확실히 식욕이 더 없어진건 맞음.
그래서 미약하지만 먹는 양이 더 줄긴 한거 같음.
부작용은 아주 초기엔 더부룩함이 있었고,
최근엔 더부룩함은 많이 완화되었으나 변비가 있음. 변비는 확실한듯.
계속 봐야겠지만 식욕억제 효과야 괜찮은데,
체중감량이 이런 수준이면 5mg 증량해야할듯",0,https://gall.dcinside.com/mgallery/board/view/?id=mounjaro&no=111472&page=9
111471,굿닥터 보고 이거 살라니깐 품절 존나 뜨노,성공한런붕이,2026-04-20 08:41:26,225,0,0,"쿠팡 뭐하노
150그램 좀 많지 않나",1,https://gall.dcinside.com/mgallery/board/view/?id=mounjaro&no=111471&page=9
