글번호,제목,작성자,날짜,조회수,댓글수,좋아요수,게시판명,본문,링크
46284,다이어트 경험 많진 않아요,원생맘,2026-04-21 21:22:35,62,0,0,우린 다이어터!(글1개 + 댓글4개),"1. 어디까지 다이어트 시도를 해봣다를 적어주세요!
​
다이어트 경험 많진 않아요
그냥 샐러드먹고 운동하기 정도는 해봄
​
​
2. 효과 있었던 지방분해주사&지방흡입주사나 다이어트양약&한약 등 있었던게 있나요?
안해봐서몰라요
​
​
3.몇키로를 다이어트 목표로 하고 계세요??
다른분 글에도 응원의 댓글 4개 꼭 적어주세요 :)
​
54.
​
​
​
​
​
​
​
위고비 카페는 위고비 효과/가격/후기/부작용/처방/삭센다/다이어트/요요/주사/세마글루타이드/식욕조절/주기/용량/내성/처방병원/처방기준/생리/설사/용량/처방방법/나만의닥터/닥터나우/굿닥/소화불량/중단/폭식/최저가/처방조건/식단/고용량/급성췌장염/술/한달후기/포만감/복부비만/투여기간/0.5/0.25/2.4/GLP-1/기적의비만약/지방흡입/얼굴/팔뚝/복부/팔/이중턱/뱃살/허벅지/지방분해주사/지방주사/붓기/재수술/회복/후관리/미니/주사/비용/통증/압박복/복대/성분/종아리/초고도비만/람스/요요/y존/바디/마사지/전신/윤곽주사/단약/눈바디/근육/기간/몸무게/식곤증/피검사/완펜/임신/나눠맞기/효과언제부터/울렁거림/졸음/니들/유통기한/증량/피곤/투약시간/근육통/미성년자/비대면진료/고도비만/내성/기내/과식/냉장고/냉장/담낭제거/알러지/출산/해외여행/한약같이/피부/토/췌장암/분할투약/증량부작용/온누리상품권/부작용무기력증/맞는주기/나눠맞는법/기운없음/통증/투약주기/마운자로 직구/위고비 마운자로/출시 가격/다이어트 주사/급여/젭바운드/일라이릴리/국내 출시일/보험 정보를 교류하는 목적으로 설립된 카페입니다",https://cafe.naver.com/ca-fe/cafes/19965504/articles/46284
46281,서울 관악구/마운자로 식단/ 식단정보 공유,원생맘,2026-04-21 21:18:44,56,0,0,가입인사(글1개+ 댓글4개),"​
1. 가입인사글 1개 작성 + 댓글 4개 + 좋아요10회
우린 다이어터! 글1개 + 댓글4개
작성 후 자동 등업됩니다.!!
네
​
​
2. 어떤 정보때문에 찾아오셨나요? 3줄이상 성의껏 작성주세요! [그래야 등업됩니다]
​
마운자로하는중입니다
단 다른 분들 어떻게 하시는지 궁금해서
찾아보고 같이 공유할겸 찾아보다가 왔습니다
​
3.위고비/마운자로 다이어트카페에서 회원들과 같이 목표로 잡고 계시는건 뭘까요?? 3줄이상 작성주세요!
​
건강하게 살빼고
근손실안나고
체지방률 낮추기",https://cafe.naver.com/ca-fe/cafes/19965504/articles/46281
46280,양약&지방분해주사&마운자로 시작중,행복썸,2026-04-21 21:06:41,61,0,0,우린 다이어터!(글1개 + 댓글4개),"1. 어디까지 다이어트 시도를 해봣다를 적어주세요!
양약&지방분해주사&마운자로 시작중
예시: 다이어트한약/양약 혹은 지방분해주사나 지방흡입주사까지 해봣어요
(등업을 위해 제목에 그대로 복사 붙여넣기 꼭 해주세요!)
​
​
2. 효과 있었던 지방분해주사&지방흡입주사나 다이어트양약&한약 등 있었던게 있나요?
양약은 부작용이 심해서 중단
3.몇키로를 다이어트 목표로 하고 계세요??
다른분 글에도 응원의 댓글 4개 꼭 적어주세요 :)
4키로 빼는게 목표
​
​
​
​
​
​
​
​
​
위고비 카페는 위고비 효과/가격/후기/부작용/처방/삭센다/다이어트/요요/주사/세마글루타이드/식욕조절/주기/용량/내성/처방병원/처방기준/생리/설사/용량/처방방법/나만의닥터/닥터나우/굿닥/소화불량/중단/폭식/최저가/처방조건/식단/고용량/급성췌장염/술/한달후기/포만감/복부비만/투여기간/0.5/0.25/2.4/GLP-1/기적의비만약/지방흡입/얼굴/팔뚝/복부/팔/이중턱/뱃살/허벅지/지방분해주사/지방주사/붓기/재수술/회복/후관리/미니/주사/비용/통증/압박복/복대/성분/종아리/초고도비만/람스/요요/y존/바디/마사지/전신/윤곽주사/단약/눈바디/근육/기간/몸무게/식곤증/피검사/완펜/임신/나눠맞기/효과언제부터/울렁거림/졸음/니들/유통기한/증량/피곤/투약시간/근육통/미성년자/비대면진료/고도비만/내성/기내/과식/냉장고/냉장/담낭제거/알러지/출산/해외여행/한약같이/피부/토/췌장암/분할투약/증량부작용/온누리상품권/부작용무기력증/맞는주기/나눠맞는법/기운없음/통증/투약주기/마운자로 직구/위고비 마운자로/출시 가격/다이어트 주사/급여/젭바운드/일라이릴리/국내 출시일/보험 정보를 교류하는 목적으로 설립된 카페입니다",https://cafe.naver.com/ca-fe/cafes/19965504/articles/46280
46279,안녕하세여 ,접니다ㅎㅎ,2026-04-21 21:01:02,63,1,0,가입인사(글1개+ 댓글4개),"반드시 아래 제목양식을 지켜주세요!!
​
​
제목양식: 나의 활동 지역 / 나의문제,고민(위고비/마운자로/삭센다 처방, 위고비/마운자로/삭센다 용량 등) / 가입이유
​
예시) 서울 강남구 / 위고비 다이어트 가격 / 저렴한곳 찾으러
예시) 대전 유성구 / 위고비 다이어트 부작용 / 부작용으로 두통 복부통증
예시) 부산 해운대구 / 위고비 다이어트 효과 / 위고비 맞아도 효과없어요
​
▲▲ 반드시 지역은 '서울 000구'까지 구체적으로 작성!!▲▲
​
​
==================================================
1. 가입인사글 1개 작성 + 댓글 4개 + 좋아요10회
우린 다이어터! 글1개 + 댓글4개
작성 후 자동 등업됩니다.!!
​
​
​
2. 어떤 정보때문에 찾아오셨나요? 3줄이상 성의껏 작성주세요! [그래야 등업됩니다]
​
--위고비 후기를 알고 싶어서 찾아왔어요
​
예시주제) 주변 위고비 다이어트 후기를 보고/위고비 때문에 탈모가 올까봐
예시주제)위고비주사를 매일 맞아야 하는데 아플까봐
예시주제)위고비투여방법을 잘 몰라서 혹시 건강이상이 올까봐 등등 무엇이든 상관없습니다.
예시주제) 위고비도 그렇고 지방흡입 지방분해주사 지방주사 곁들여서 다이어트 가능한지 궁금해서
​
​
3.위고비/마운자로 다이어트카페에서 회원들과 같이 목표로 잡고 계시는건 뭘까요?? 3줄이상 작성주세요!
​
위고비입니다 :)
위고비 오늘부터 시작인데 최대한 많이 감량하는것이 목표입니다
​
예시주제) 주변에 위고비 다이어트를 하고 이뻐진 지인이 있는데 저도 그렇게 되려고요
예시주제) 멋진 이성친구를 만나려고 합니다
예시주제) 결혼을 앞두고 있어서 빡시게 다이어트를 하려고 합니다
예시주제) 얼굴 팔뚝 복부 팔 이중턱 뱃살 허벅지 등 위고비",https://cafe.naver.com/ca-fe/cafes/19965504/articles/46279
46278,파주/마운자로/마운자로후기,행복썸,2026-04-21 21:00:04,60,2,0,가입인사(글1개+ 댓글4개),"반드시 아래 제목양식을 지켜주세요!!
​
​
제목양식: 나의 활동 지역 / 나의문제,고민(위고비/마운자로/삭센다 처방, 위고비/마운자로/삭센다 용량 등) / 가입이유
​
예시) 서울 강남구 / 위고비 다이어트 가격 / 저렴한곳 찾으러
예시) 대전 유성구 / 위고비 다이어트 부작용 / 부작용으로 두통 복부통증
예시) 부산 해운대구 / 위고비 다이어트 효과 / 위고비 맞아도 효과없어요
​
▲▲ 반드시 지역은 '서울 000구'까지 구체적으로 작성!!▲▲
​
​
==================================================
1. 가입인사글 1개 작성 + 댓글 4개 + 좋아요10회
우린 다이어터! 글1개 + 댓글4개
작성 후 자동 등업됩니다.!!
네
​
​
2. 어떤 정보때문에 찾아오셨나요? 3줄이상 성의껏 작성주세요! [그래야 등업됩니다]
​
예시주제) 주변 위고비 다이어트 후기를 보고/위고비 때문에 탈모가 올까봐
예시주제)위고비주사를 매일 맞아야 하는데 아플까봐
예시주제)위고비투여방법을 잘 몰라서 혹시 건강이상이 올까봐 등등 무엇이든 상관없습니다.
예시주제) 위고비도 그렇고 지방흡입 지방분해주사 지방주사 곁들여서 다이어트 가능한지 궁금해서
->지금 마운자로2.5 한달맞고 두달째 시작하려는데
요요 및 얼마나 체중감량될지가 궁금합니다.
특히 요요가 심한지가 제일 궁금해요
​
3.위고비/마운자로 다이어트카페에서 회원들과 같이 목표로 잡고 계시는건 뭘까요?? 3줄이상 작성주세요!
출산후 살이찌고 체격이 변했습니다.
다이어트 성공해서 예뿌 옷 입고 싶어요
​
예시주제) 주변에 위고비 다이어트를 하고 이뻐진 지인이 있는데 저도 그렇게 되려고요
예시주제) 멋진 이성친구를 만나려고 합니다
예시주제) 결혼을 앞두고 있어서 빡시게 다이어트를 하려고 합니다
예시주제) 얼굴 팔뚝 복부 팔 이중턱 뱃살 허벅지 등 위고비",https://cafe.naver.com/ca-fe/cafes/19965504/articles/46278
46277,한약 다이어트 해봤는데 지금은 마운자로 중이에요!,또르르또르륵,2026-04-21 20:07:08,69,1,0,우린 다이어터!(글1개 + 댓글4개),"1. 어디까지 다이어트 시도를 해봣다를 적어주세요!
​
예시: 다이어트한약/양약 혹은 지방분해주사나 지방흡입주사까지 해봣어요
(등업을 위해 제목에 그대로 복사 붙여넣기 꼭 해주세요!)
한약 다이어트 해봤는데 지금은 마운자로 중이에요!
​
​
2. 효과 있었던 지방분해주사&지방흡입주사나 다이어트양약&한약 등 있었던게 있나요?
한약 먹을때도 효과 좋아서 체중 감량 많이 했었어요~
관리 안해서 다시 살이 많이 쪄서 지금은 마운자로 중입니다
​
​
3.몇키로를 다이어트 목표로 하고 계세요??
다른분 글에도 응원의 댓글 4개 꼭 적어주세요 :)
목표 체중 58kg에요!
​
​
​
​
​
위고비 카페는 위고비 효과/가격/후기/부작용/처방/삭센다/다이어트/요요/주사/세마글루타이드/식욕조절/주기/용량/내성/처방병원/처방기준/생리/설사/용량/처방방법/나만의닥터/닥터나우/굿닥/소화불량/중단/폭식/최저가/처방조건/식단/고용량/급성췌장염/술/한달후기/포만감/복부비만/투여기간/0.5/0.25/2.4/GLP-1/기적의비만약/지방흡입/얼굴/팔뚝/복부/팔/이중턱/뱃살/허벅지/지방분해주사/지방주사/붓기/재수술/회복/후관리/미니/주사/비용/통증/압박복/복대/성분/종아리/초고도비만/람스/요요/y존/바디/마사지/전신/윤곽주사/단약/눈바디/근육/기간/몸무게/식곤증/피검사/완펜/임신/나눠맞기/효과언제부터/울렁거림/졸음/니들/유통기한/증량/피곤/투약시간/근육통/미성년자/비대면진료/고도비만/내성/기내/과식/냉장고/냉장/담낭제거/알러지/출산/해외여행/한약같이/피부/토/췌장암/분할투약/증량부작용/온누리상품권/부작용무기력증/맞는주기/나눠맞는법/기운없음/통증/투약주기/마운자로 직구/위고비 마운자로/출시 가격/다이어트 주사/급여/젭바운드/일라이릴리/국내 출시일/보험 정보를 교류하는 목적으로 설립된 카페입니다",https://cafe.naver.com/ca-fe/cafes/19965504/articles/46277
46276,인찬/마운자로 용량/증량 고민,또르르또르륵,2026-04-21 19:59:20,64,3,0,가입인사(글1개+ 댓글4개),"반드시 아래 제목양식을 지켜주세요!!
​
​
제목양식: 나의 활동 지역 / 나의문제,고민(위고비/마운자로/삭센다 처방, 위고비/마운자로/삭센다 용량 등) / 가입이유
​
예시) 서울 강남구 / 위고비 다이어트 가격 / 저렴한곳 찾으러
예시) 대전 유성구 / 위고비 다이어트 부작용 / 부작용으로 두통 복부통증
예시) 부산 해운대구 / 위고비 다이어트 효과 / 위고비 맞아도 효과없어요
​
▲▲ 반드시 지역은 '서울 000구'까지 구체적으로 작성!!▲▲
​
​
==================================================
1. 가입인사글 1개 작성 + 댓글 4개 + 좋아요10회
우린 다이어터! 글1개 + 댓글4개
작성 후 자동 등업됩니다.!!
네!
​
​
2. 어떤 정보때문에 찾아오셨나요? 3줄이상 성의껏 작성주세요! [그래야 등업됩니다]
​
마운자로 2.5에서 5.0로 증량하는 타이밍이 고민돼요
마운자로 5.0 증량시 부작용 있다는 분이 많아서 고민이라 카페 가입했습니다
마운자로 5.0 후기도 많이 보고 나누고 싶어요!
​
​
3.위고비/마운자로 다이어트카페에서 회원들과 같이 목표로 잡고 계시는건 뭘까요?? 3줄이상 작성주세요!
​
마운자로 성공 후기를 나누고 싶어요!
저는 지금 2.5mg 8펜 진행 중이고, 곧 5.0로 증량 앞두고 있어요!
여름 전까지 목표 감량치 달성하고 싶어어요!!",https://cafe.naver.com/ca-fe/cafes/19965504/articles/46276
46274,양약으로 10년 유지했어요,모를맘,2026-04-21 19:53:34,68,1,0,우린 다이어터!(글1개 + 댓글4개),"1. 어디까지 다이어트 시도를 해봣다를 적어주세요!
​
양약 먹으며 전철로 5정거장을 왕복 빠른걸음으로
걸어다니며 그때는 정말 목이 많이 말라서
물도 많이 마시고 부지런히 움직여서 44키로 까지 뺀적이 있었는데 이제는 요요가  온건지 부종과 살만 남았네용ㅜㅜ
​
예시: 다이어트한약/양약 혹은 지방분해주사나 지방흡입주사까지 해봣어요
(등업을 위해 제목에 그대로 복사 붙여넣기 꼭 해주세요!)
​
​
2. 효과 있었던 지방분해주사&지방흡입주사나 다이어트양약&한약 등 있었던게 있나요?
​
다이어트양약. 다이어트 한방환 두가지 해보았어요
​
3.몇키로를 다이어트 목표로 하고 계세요??
다른분 글에도 응원의 댓글 4개 꼭 적어주세요 :)
​
​
10키로 빼는게 주 목적이고
가능하다면 15키로까지 빼는걸 위주로 잡고있어요
​
​
​
​
​
​
위고비 카페는 위고비 효과/가격/후기/부작용/처방/삭센다/다이어트/요요/주사/세마글루타이드/식욕조절/주기/용량/내성/처방병원/처방기준/생리/설사/용량/처방방법/나만의닥터/닥터나우/굿닥/소화불량/중단/폭식/최저가/처방조건/식단/고용량/급성췌장염/술/한달후기/포만감/복부비만/투여기간/0.5/0.25/2.4/GLP-1/기적의비만약/지방흡입/얼굴/팔뚝/복부/팔/이중턱/뱃살/허벅지/지방분해주사/지방주사/붓기/재수술/회복/후관리/미니/주사/비용/통증/압박복/복대/성분/종아리/초고도비만/람스/요요/y존/바디/마사지/전신/윤곽주사/단약/눈바디/근육/기간/몸무게/식곤증/피검사/완펜/임신/나눠맞기/효과언제부터/울렁거림/졸음/니들/유통기한/증량/피곤/투약시간/근육통/미성년자/비대면진료/고도비만/내성/기내/과식/냉장고/냉장/담낭제거/알러지/출산/해외여행/한약같이/피부/토/췌장암/분할투약/증량부작용/온누리상품권/부작용무기력증/맞는주기/나눠맞는법/기운없음/통증/투약주기/마운자로 직구/위고비 마운자로/출시 가격/다이어트 주사/급여/젭바운드/일라이릴리/국내 출시일/보험 정보를 교류하는 목적으로 설립된 카페입니다",https://cafe.naver.com/ca-fe/cafes/19965504/articles/46274
46271,1키로도 안빠진분 계신가요?,두두리링,2026-04-21 19:49:46,73,0,0,위고비 0.25mg~0.5mg후기,,https://cafe.naver.com/ca-fe/cafes/19965504/articles/46271
46270,2.5m 두달 끝났구요 아직처방전인데,53키로,2026-04-21 19:45:54,83,2,0,위고비/마운자로Q&A,,https://cafe.naver.com/ca-fe/cafes/19965504/articles/46270
46269,경기도안양동안구.위고비다이어트효과.다이어트한약.저렴한곳과부작용어떤게있는지,모를맘,2026-04-21 19:31:37,68,1,0,가입인사(글1개+ 댓글4개),"반드시 아래 제목양식을 지켜주세요!!
​
​
제목양식: 나의 활동 지역 / 나의문제,고민(위고비/마운자로/삭센다 처방, 위고비/마운자로/삭센다 용량 등) / 가입이유
다이어트한약 검색하다가 위고비내용의 링크가있어서
궁굼해서 가입하게 되었고
이전에 양약을 오래 먹었는데
가격은 비싸지고 요요만 남는거 같아서
답답한 마음에 다양한 정보를 얻고자 가입하게 되었어용
ㅠㅠ
​
​
​
​
==================================================
1. 가입인사글 1개 작성 + 댓글 4개 + 좋아요10회
우린 다이어터! 글1개 + 댓글4개
작성 후 자동 등업됩니다.!!
네넹
​
​
​
2. 어떤 정보때문에 찾아오셨나요? 3줄이상 성의껏 작성주세요! [그래야 등업됩니다]
​
주변지인중에 위고비하는분이 계시는데
운동도 안하고 잘 안움직이시는 분이거든요
그런데 어느순간 10키로 정도 빠졌다고 하시더라구요
의하한 맘도 있고 부럽기도하고
나는 어떤걸로 다이어트를 해야 잘 맞을지 멘붕이 와서요ㅜㅜ
​
​
3.위고비/마운자로 다이어트카페에서 회원들과 같이 목표로 잡고 계시는건 뭘까요?? 3줄이상 작성주세요!
​
어느순간부터인지 몸이 너무 갑자기 붓고
감당이 안되기 시작하더니 목구멍까지 차오를 정도로 먹성을 보이며 한순간에 10키로 이상이 쪄서
15키로 빼는걸 목표로 하고 있습니당
아직 어떤걸로 해야할지 결정을 못했어용ㅜㅜ
​
예시주제) 주변에 위고비 다이어트를 하고 이뻐진 지인이 있는데 저도 그렇게 되려고요
예시주제) 멋진 이성친구를 만나려고 합니다
예시주제) 결혼을 앞두고 있어서 빡시게 다이어트를 하려고 합니다
예시주제) 얼굴 팔뚝 복부 팔 이중턱 뱃살 허벅지 등 위고비",https://cafe.naver.com/ca-fe/cafes/19965504/articles/46269
46265,안녕하세요 검단신도시 일산 마운자로 정보구해요,올치리치,2026-04-21 19:21:07,62,0,0,가입인사(글1개+ 댓글4개),"반드시 아래 제목양식을 지켜주세요!!
​
​
제목양식: 나의 활동 지역 / 나의문제,고민(위고비/마운자로/삭센다 처방, 위고비/마운자로/삭센다 용량 등) / 가입이유
​
예시) 서울 강남구 / 위고비 다이어트 가격 / 저렴한곳 찾으러
예시) 대전 유성구 / 위고비 다이어트 부작용 / 부작용으로 두통 복부통증
예시) 부산 해운대구 / 위고비 다이어트 효과 / 위고비 맞아도 효과없어요
​
▲▲ 반드시 지역은 '서울 000구'까지 구체적으로 작성!!▲▲
​
​
==================================================
1. 가입인사글 1개 작성 + 댓글 4개 + 좋아요10회
우린 다이어터! 글1개 + 댓글4개
작성 후 자동 등업됩니다.!!
​
​
​
2. 어떤 정보때문에 찾아오셨나요? 3줄이상 성의껏 작성주세요! [그래야 등업됩니다]
​
예시주제) 주변 위고비 다이어트 후기를 보고/위고비 때문에 탈모가 올까봐
예시주제)위고비주사를 매일 맞아야 하는데 아플까봐
예시주제)위고비투여방법을 잘 몰라서 혹시 건강이상이 올까봐 등등 무엇이든 상관없습니다.
예시주제) 위고비도 그렇고 지방흡입 지방분해주사 지방주사 곁들여서 다이어트 가능한지 궁금해서
​
​
3.위고비/마운자로 다이어트카페에서 회원들과 같이 목표로 잡고 계시는건 뭘까요?? 3줄이상 작성주세요!
​
예시주제) 주변에 위고비 다이어트를 하고 이뻐진 지인이 있는데 저도 그렇게 되려고요
예시주제) 멋진 이성친구를 만나려고 합니다
예시주제) 결혼을 앞두고 있어서 빡시게 다이어트를 하려고 합니다
예시주제) 얼굴 팔뚝 복부 팔 이중턱 뱃살 허벅지 등 위고비
​
휴가 전 꼭 다이어트 성공하고 싶어요
잘부탁드려요
감사합니다
​
거주는 검단신도 직장은 일산입니다.
마운자로가 금주 욕구도 줄여준다고 해서 계획중에 있어요
다이어트는 금주가 필수더라고요",https://cafe.naver.com/ca-fe/cafes/19965504/articles/46265
46264,다이어트한약 먹었었어요,미뇨미,2026-04-21 19:12:32,61,1,0,우린 다이어터!(글1개 + 댓글4개),"1. 어디까지 다이어트 시도를 해봣다를 적어주세요!
​
다이어트한약 먹었었어요
​
예시: 다이어트한약/양약 혹은 지방분해주사나 지방흡입주사까지 해봣어요
(등업을 위해 제목에 그대로 복사 붙여넣기 꼭 해주세요!)
​
​
2. 효과 있었던 지방분해주사&지방흡입주사나 다이어트양약&한약 등 있었던게 있나요?
​
한약 효과는 있었지만 다시 찜
​
3.몇키로를 다이어트 목표로 하고 계세요??
다른분 글에도 응원의 댓글 4개 꼭 적어주세요 :)
20키로이상
​
​
​
​
​
​
​
​
위고비 카페는 위고비 효과/가격/후기/부작용/처방/삭센다/다이어트/요요/주사/세마글루타이드/식욕조절/주기/용량/내성/처방병원/처방기준/생리/설사/용량/처방방법/나만의닥터/닥터나우/굿닥/소화불량/중단/폭식/최저가/처방조건/식단/고용량/급성췌장염/술/한달후기/포만감/복부비만/투여기간/0.5/0.25/2.4/GLP-1/기적의비만약/지방흡입/얼굴/팔뚝/복부/팔/이중턱/뱃살/허벅지/지방분해주사/지방주사/붓기/재수술/회복/후관리/미니/주사/비용/통증/압박복/복대/성분/종아리/초고도비만/람스/요요/y존/바디/마사지/전신/윤곽주사/단약/눈바디/근육/기간/몸무게/식곤증/피검사/완펜/임신/나눠맞기/효과언제부터/울렁거림/졸음/니들/유통기한/증량/피곤/투약시간/근육통/미성년자/비대면진료/고도비만/내성/기내/과식/냉장고/냉장/담낭제거/알러지/출산/해외여행/한약같이/피부/토/췌장암/분할투약/증량부작용/온누리상품권/부작용무기력증/맞는주기/나눠맞는법/기운없음/통증/투약주기/마운자로 직구/위고비 마운자로/출시 가격/다이어트 주사/급여/젭바운드/일라이릴리/국내 출시일/보험 정보를 교류하는 목적으로 설립된 카페입니다",https://cafe.naver.com/ca-fe/cafes/19965504/articles/46264
46263,대구중구/마운자로효과/식단궁금해요,미뇨미,2026-04-21 19:08:12,66,0,0,가입인사(글1개+ 댓글4개),"반드시 아래 제목양식을 지켜주세요!!
​
​
제목양식: 나의 활동 지역 / 나의문제,고민(위고비/마운자로/삭센다 처방, 위고비/마운자로/삭센다 용량 등) / 가입이유
​
예시) 서울 강남구 / 위고비 다이어트 가격 / 저렴한곳 찾으러
예시) 대전 유성구 / 위고비 다이어트 부작용 / 부작용으로 두통 복부통증
예시) 부산 해운대구 / 위고비 다이어트 효과 / 위고비 맞아도 효과없어요
​
▲▲ 반드시 지역은 '서울 000구'까지 구체적으로 작성!!▲▲
​
​
==================================================
1. 가입인사글 1개 작성 + 댓글 4개 + 좋아요10회
우린 다이어터! 글1개 + 댓글4개
작성 후 자동 등업됩니다.!!
​
네
​
2. 어떤 정보때문에 찾아오셨나요? 3줄이상 성의껏 작성주세요! [그래야 등업됩니다]
​
마운자로 주사 2주차 맞고있는 중인데
다른분들 식단도 궁금하고
몇주차에 얼마나 빠졌는지 궁금합니다
​
예시주제) 주변 위고비 다이어트 후기를 보고/위고비 때문에 탈모가 올까봐
예시주제)위고비주사를 매일 맞아야 하는데 아플까봐
예시주제)위고비투여방법을 잘 몰라서 혹시 건강이상이 올까봐 등등 무엇이든 상관없습니다.
예시주제) 위고비도 그렇고 지방흡입 지방분해주사 지방주사 곁들여서 다이어트 가능한지 궁금해서
​
​
3.위고비/마운자로 다이어트카페에서 회원들과 같이 목표로 잡고 계시는건 뭘까요?? 3줄이상 작성주세요!
​
날씬했던 예전으로 돌아가서 아무옷이나 입고싶어요
​
예시주제) 주변에 위고비 다이어트를 하고 이뻐진 지인이 있는데 저도 그렇게 되려고요
예시주제) 멋진 이성친구를 만나려고 합니다
예시주제) 결혼을 앞두고 있어서 빡시게 다이어트를 하려고 합니다
예시주제) 얼굴 팔뚝 복부 팔 이중턱 뱃살 허벅지 등 위고비",https://cafe.naver.com/ca-fe/cafes/19965504/articles/46263
46256,간헐적단식 해봤어요,수수깡,2026-04-21 18:45:59,65,2,0,우린 다이어터!(글1개 + 댓글4개),"1. 어디까지 다이어트 시도를 해봣다를 적어주세요!
​
예시: 다이어트한약/양약 혹은 지방분해주사나 지방흡입주사까지 해봣어요
(등업을 위해 제목에 그대로 복사 붙여넣기 꼭 해주세요!)
​
간헐적단식 해봤어요
​
2. 효과 있었던 지방분해주사&지방흡입주사나 다이어트양약&한약 등 있었던게 있나요?
​
붓기빼는데 간헐적단식이 최고인듯
​
3.몇키로를 다이어트 목표로 하고 계세요??
다른분 글에도 응원의 댓글 4개 꼭 적어주세요 :)
​
​
-18kg
​
​
​
​
​
​
위고비 카페는 위고비 효과/가격/후기/부작용/처방/삭센다/다이어트/요요/주사/세마글루타이드/식욕조절/주기/용량/내성/처방병원/처방기준/생리/설사/용량/처방방법/나만의닥터/닥터나우/굿닥/소화불량/중단/폭식/최저가/처방조건/식단/고용량/급성췌장염/술/한달후기/포만감/복부비만/투여기간/0.5/0.25/2.4/GLP-1/기적의비만약/지방흡입/얼굴/팔뚝/복부/팔/이중턱/뱃살/허벅지/지방분해주사/지방주사/붓기/재수술/회복/후관리/미니/주사/비용/통증/압박복/복대/성분/종아리/초고도비만/람스/요요/y존/바디/마사지/전신/윤곽주사/단약/눈바디/근육/기간/몸무게/식곤증/피검사/완펜/임신/나눠맞기/효과언제부터/울렁거림/졸음/니들/유통기한/증량/피곤/투약시간/근육통/미성년자/비대면진료/고도비만/내성/기내/과식/냉장고/냉장/담낭제거/알러지/출산/해외여행/한약같이/피부/토/췌장암/분할투약/증량부작용/온누리상품권/부작용무기력증/맞는주기/나눠맞는법/기운없음/통증/투약주기/마운자로 직구/위고비 마운자로/출시 가격/다이어트 주사/급여/젭바운드/일라이릴리/국내 출시일/보험 정보를 교류하는 목적으로 설립된 카페입니다",https://cafe.naver.com/ca-fe/cafes/19965504/articles/46256
46255,서울 위고미 마운자로 고민중,수수깡,2026-04-21 18:45:17,61,0,0,가입인사(글1개+ 댓글4개),"반드시 아래 제목양식을 지켜주세요!!
​
​
제목양식: 나의 활동 지역 / 나의문제,고민(위고비/마운자로/삭센다 처방, 위고비/마운자로/삭센다 용량 등) / 가입이유
​
예시) 서울 강남구 / 위고비 다이어트 가격 / 저렴한곳 찾으러
예시) 대전 유성구 / 위고비 다이어트 부작용 / 부작용으로 두통 복부통증
예시) 부산 해운대구 / 위고비 다이어트 효과 / 위고비 맞아도 효과없어요
​
▲▲ 반드시 지역은 '서울 000구'까지 구체적으로 작성!!▲▲
​
​
==================================================
1. 가입인사글 1개 작성 + 댓글 4개 + 좋아요10회
우린 다이어터! 글1개 + 댓글4개
작성 후 자동 등업됩니다.!!
​
​
​
2. 어떤 정보때문에 찾아오셨나요? 3줄이상 성의껏 작성주세요! [그래야 등업됩니다]
​
예시주제) 주변 위고비 다이어트 후기를 보고/위고비 때문에 탈모가 올까봐
예시주제)위고비주사를 매일 맞아야 하는데 아플까봐
예시주제)위고비투여방법을 잘 몰라서 혹시 건강이상이 올까봐 등등 무엇이든 상관없습니다.
예시주제) 위고비도 그렇고 지방흡입 지방분해주사 지방주사 곁들여서 다이어트 가능한지 궁금해서
​
​
3.위고비/마운자로 다이어트카페에서 회원들과 같이 목표로 잡고 계시는건 뭘까요?? 3줄이상 작성주세요!
​
예시주제) 주변에 위고비 다이어트를 하고 이뻐진 지인이 있는데 저도 그렇게 되려고요
예시주제) 멋진 이성친구를 만나려고 합니다
예시주제) 결혼을 앞두고 있어서 빡시게 다이어트를 하려고 합니다
예시주제) 얼굴 팔뚝 복부 팔 이중턱 뱃살 허벅지 등 위고비",https://cafe.naver.com/ca-fe/cafes/19965504/articles/46255
46254,마운자로 2.5 처방 받았어요.,보통의하루,2026-04-21 18:41:29,71,0,0,자유게시판,,https://cafe.naver.com/ca-fe/cafes/19965504/articles/46254
46253,위고비 0.5 효과없음,까마귀고기먹음,2026-04-21 18:38:28,81,5,0,위고비 0.25mg~0.5mg후기,,https://cafe.naver.com/ca-fe/cafes/19965504/articles/46253
46252,혹시 마운자로 맞으면 근육이 감소되는지 궁금해요,멋진언니,2026-04-21 18:36:10,81,4,0,위고비/마운자로Q&A,,https://cafe.naver.com/ca-fe/cafes/19965504/articles/46252
46251,만약 마운자로하다가 이석증이 생긴거면,재효닝,2026-04-21 18:31:33,75,5,0,내가 겪은 부작용,,https://cafe.naver.com/ca-fe/cafes/19965504/articles/46251
46250,2주차에 마운자로 혼자 주사놨는데요..!!,박딸랑,2026-04-21 18:23:11,78,5,0,자유게시판,,https://cafe.naver.com/ca-fe/cafes/19965504/articles/46250
46249,다이어트 경험 없음 / 처음 시도,보통의하루,2026-04-21 18:21:07,63,1,0,우린 다이어터!(글1개 + 댓글4개),"1. 어디까지 다이어트 시도를 해봤는지 적어주세요.
: 다이어트 경험 없음
​
​
2. 효과 있었던 지방분해주사&지방흡입주사나 다이어트양약&한약 등 있었던 게 있나요?
: 다이어트 경험 없음
​
​
3. 몇 킬로를 다이어트 목표로 하고 계세요?
: 18kg
​
​
​
​
​
위고비 카페는 위고비 효과/가격/후기/부작용/처방/삭센다/다이어트/요요/주사/세마글루타이드/식욕조절/주기/용량/내성/처방병원/처방기준/생리/설사/용량/처방방법/나만의닥터/닥터나우/굿닥/소화불량/중단/폭식/최저가/처방조건/식단/고용량/급성췌장염/술/한달후기/포만감/복부비만/투여기간/0.5/0.25/2.4/GLP-1/기적의비만약/지방흡입/얼굴/팔뚝/복부/팔/이중턱/뱃살/허벅지/지방분해주사/지방주사/붓기/재수술/회복/후관리/미니/주사/비용/통증/압박복/복대/성분/종아리/초고도비만/람스/요요/y존/바디/마사지/전신/윤곽주사/단약/눈바디/근육/기간/몸무게/식곤증/피검사/완펜/임신/나눠맞기/효과언제부터/울렁거림/졸음/니들/유통기한/증량/피곤/투약시간/근육통/미성년자/비대면진료/고도비만/내성/기내/과식/냉장고/냉장/담낭제거/알러지/출산/해외여행/한약같이/피부/토/췌장암/분할투약/증량부작용/온누리상품권/부작용무기력증/맞는주기/나눠맞는법/기운없음/통증/투약주기/마운자로 직구/위고비 마운자로/출시 가격/다이어트 주사/급여/젭바운드/일라이릴리/국내 출시일/보험 정보를 교류하는 목적으로 설립된 카페입니다",https://cafe.naver.com/ca-fe/cafes/19965504/articles/46249
46248,파주 / 마운자로 / 정보공유,보통의하루,2026-04-21 18:17:41,62,0,0,가입인사(글1개+ 댓글4개),"1. [가입인사] 글1 + 댓글4 + 좋아요10 / [우린다이어터!] 글1 + 댓글4
: 확인
​
​
2. 어떤 정보 때문에 찾아오셨나요?
: 마운자로 투약
: 마운자로 후기
: 마운자로 식단
​
​
3. 위고비/마운자로 다이어트 카페에서 회원들과 같이 목표로 잡고 계시는 건 뭘까요?
: 건강했던 체중으로 돌아가기
: 운동과 식단의 생활화
: 단약 후 성공적인 유지어터",https://cafe.naver.com/ca-fe/cafes/19965504/articles/46248
46247,마운자로로 다낭성이 개선될수도 있나요??,디4일,2026-04-21 18:06:22,83,4,0,위고비/마운자로Q&A,,https://cafe.naver.com/ca-fe/cafes/19965504/articles/46247
46246,15년 양약으로 다이어트하다가 마운자로 맞아요.,영이후니맘,2026-04-21 18:06:21,7,0,0,우린 다이어터!(글1개 + 댓글4개),"1. 어디까지 다이어트 시도를 해봣다를 적어주세요!
​
다이어트 양약 거의 15년 먹어봤구요.
IPL인가.. 지방분해주사도 3년간 맞아봤어요. 지방흡입주사까지 해봣어요
​
​
​
2. 효과 있었던 지방분해주사&지방흡입주사나 다이어트양약&한약 등 있었던게 있나요?
30대~40초반까지는 양약이 효과있었어요.
​
​
3.몇키로를 다이어트 목표로 하고 계세요??
다른분 글에도 응원의 댓글 4개 꼭 적어주세요 :)
​
지금 79킬로라서.  69킬로그랭까지만 감량하고 싶어요
​
​
​
​
​
​
​
​
​
위고비 카페는 위고비 효과/가격/후기/부작용/처방/삭센다/다이어트/요요/주사/세마글루타이드/식욕조절/주기/용량/내성/처방병원/처방기준/생리/설사/용량/처방방법/나만의닥터/닥터나우/굿닥/소화불량/중단/폭식/최저가/처방조건/식단/고용량/급성췌장염/술/한달후기/포만감/복부비만/투여기간/0.5/0.25/2.4/GLP-1/기적의비만약/지방흡입/얼굴/팔뚝/복부/팔/이중턱/뱃살/허벅지/지방분해주사/지방주사/붓기/재수술/회복/후관리/미니/주사/비용/통증/압박복/복대/성분/종아리/초고도비만/람스/요요/y존/바디/마사지/전신/윤곽주사/단약/눈바디/근육/기간/몸무게/식곤증/피검사/완펜/임신/나눠맞기/효과언제부터/울렁거림/졸음/니들/유통기한/증량/피곤/투약시간/근육통/미성년자/비대면진료/고도비만/내성/기내/과식/냉장고/냉장/담낭제거/알러지/출산/해외여행/한약같이/피부/토/췌장암/분할투약/증량부작용/온누리상품권/부작용무기력증/맞는주기/나눠맞는법/기운없음/통증/투약주기/마운자로 직구/위고비 마운자로/출시 가격/다이어트 주사/급여/젭바운드/일라이릴리/국내 출시일/보험 정보를 교류하는 목적으로 설립된 카페입니다",https://cafe.naver.com/ca-fe/cafes/19965504/articles/46246
46245,대구 달서구/마운자로 부작용/마운자로 부작용 종류 알고싶어요.,영이후니맘,2026-04-21 18:03:03,67,0,0,가입인사(글1개+ 댓글4개),"반드시 아래 제목양식을 지켜주세요!!
​
​
제목양식: 나의 활동 지역 / 나의문제,고민(위고비/마운자로/삭센다 처방, 위고비/마운자로/삭센다 용량 등) / 가입이유
​
예시) 서울 강남구 / 위고비 다이어트 가격 / 저렴한곳 찾으러
예시) 대전 유성구 / 위고비 다이어트 부작용 / 부작용으로 두통 복부통증
예시) 부산 해운대구 / 위고비 다이어트 효과 / 위고비 맞아도 효과없어요
​
▲▲ 반드시 지역은 '서울 000구'까지 구체적으로 작성!!▲▲
​
​
==================================================
1. 가입인사글 1개 작성 + 댓글 4개 + 좋아요10회
우린 다이어터! 글1개 + 댓글4개
작성 후 자동 등업됩니다.!!
​
​
​
2. 어떤 정보때문에 찾아오셨나요? 3줄이상 성의껏 작성주세요! [그래야 등업됩니다]
​
예시주제) 주변 위고비 다이어트 후기를 보고/위고비 때문에 탈모가 올까봐
예시주제)위고비주사를 매일 맞아야 하는데 아플까봐
예시주제)위고비투여방법을 잘 몰라서 혹시 건강이상이 올까봐 등등 무엇이든 상관없습니다.
예시주제) 위고비도 그렇고 지방흡입 지방분해주사 지방주사 곁들여서 다이어트 가능한지 궁금해서
​
​
3.위고비/마운자로 다이어트카페에서 회원들과 같이 목표로 잡고 계시는건 뭘까요?? 3줄이상 작성주세요!
​
예시주제) 주변에 위고비 다이어트를 하고 이뻐진 지인이 있는데 저도 그렇게 되려고요
예시주제) 멋진 이성친구를 만나려고 합니다
예시주제) 결혼을 앞두고 있어서 빡시게 다이어트를 하려고 합니다
예시주제) 얼굴 팔뚝 복부 팔 이중턱 뱃살 허벅지 등 위고비",https://cafe.naver.com/ca-fe/cafes/19965504/articles/46245
46244,혹시 마운자로 맞고 위경련오신분?,고니를아시나요,2026-04-21 18:02:46,85,5,0,자유게시판,,https://cafe.naver.com/ca-fe/cafes/19965504/articles/46244
46243,이번에 마운자로 처음 맞았어요!!,단종,2026-04-21 18:01:19,70,5,0,자유게시판,,https://cafe.naver.com/ca-fe/cafes/19965504/articles/46243
46242,경기도수원/마운자로/정보공유,설탕털린도넛,2026-04-21 17:59:20,63,4,0,가입인사(글1개+ 댓글4개),"반드시 아래 제목양식을 지켜주세요!!
​
​
제목양식: 나의 활동 지역 / 나의문제,고민(위고비/마운자로/삭센다 처방, 위고비/마운자로/삭센다 용량 등) / 가입이유
​
예시) 서울 강남구 / 위고비 다이어트 가격 / 저렴한곳 찾으러
예시) 대전 유성구 / 위고비 다이어트 부작용 / 부작용으로 두통 복부통증
예시) 부산 해운대구 / 위고비 다이어트 효과 / 위고비 맞아도 효과없어요
​
▲▲ 반드시 지역은 '서울 000구'까지 구체적으로 작성!!▲▲
​
​
==================================================
1. 가입인사글 1개 작성 + 댓글 4개 + 좋아요10회
우린 다이어터! 글1개 + 댓글4개
작성 후 자동 등업됩니다.!!
​
​
​
2. 어떤 정보때문에 찾아오셨나요? 3줄이상 성의껏 작성주세요! [그래야 등업됩니다]
​
예시주제) 주변 위고비 다이어트 후기를 보고/위고비 때문에 탈모가 올까봐
예시주제)위고비주사를 매일 맞아야 하는데 아플까봐
예시주제)위고비투여방법을 잘 몰라서 혹시 건강이상이 올까봐 등등 무엇이든 상관없습니다.
예시주제) 위고비도 그렇고 지방흡입 지방분해주사 지방주사 곁들여서 다이어트 가능한지 궁금해서
​
​
3.위고비/마운자로 다이어트카페에서 회원들과 같이 목표로 잡고 계시는건 뭘까요?? 3줄이상 작성주세요!
​
예시주제) 주변에 위고비 다이어트를 하고 이뻐진 지인이 있는데 저도 그렇게 되려고요
예시주제) 멋진 이성친구를 만나려고 합니다
예시주제) 결혼을 앞두고 있어서 빡시게 다이어트를 하려고 합니다
예시주제) 얼굴 팔뚝 복부 팔 이중턱 뱃살 허벅지 등 위고비",https://cafe.naver.com/ca-fe/cafes/19965504/articles/46242
46241,마운자로 식사량 질문,뺘,2026-04-21 17:57:36,81,4,0,자유게시판,,https://cafe.naver.com/ca-fe/cafes/19965504/articles/46241
46240,결국 위고비 부작용으로 병원행...,뿌이2,2026-04-21 17:56:24,91,4,0,내가 겪은 부작용,,https://cafe.naver.com/ca-fe/cafes/19965504/articles/46240
46239,위고비도 생리기간엔 힘을 못쓰나보네요ㅋㅋ,곧결혼,2026-04-21 17:53:17,70,3,0,자유게시판,,https://cafe.naver.com/ca-fe/cafes/19965504/articles/46239
46238,마운자로 중 임신,살리단길,2026-04-21 17:52:05,85,5,0,자유게시판,,https://cafe.naver.com/ca-fe/cafes/19965504/articles/46238
46237,경기평택시/마운자로 다이어트 용량/마운자로 효과가 없어요,이쪼리,2026-04-21 17:49:13,64,2,0,가입인사(글1개+ 댓글4개),"​
​
==================================================
1. 가입인사글 1개 작성 + 댓글 4개 + 좋아요10회
우린 다이어터! 글1개 + 댓글4개
작성 후 자동 등업됩니다.!!
​
​
​
2. 어떤 정보때문에 찾아오셨나요? 3줄이상 성의껏 작성주세요! [그래야 등업됩니다]
다이어트한약을 1년간 먹다가 효과가 없어서 마운자로로 갈아탔는데 1주차에 가벼운 부작용, 2주차엔 부작용도 없어서 다른 분들 비슷한 상황이 있는지 궁금해서 가입했습니가
​
3.위고비/마운자로 다이어트카페에서 회원들과 같이 목표로 잡고 계시는건 뭘까요?? 3줄이상 작성주세요!
​
50키로 초반이 가장 괜찮아보였던 몸무게같고 옷태가 조금만 빠저도 확실히 달라지는데 지금보다 -10 이 된다면 얼마나 달라질까 궁금하여 빼려고 합니다
​",https://cafe.naver.com/ca-fe/cafes/19965504/articles/46237
46236,"부산, 김해 중 마운자로 처방을 어디서 받을지 고민중",능굴,2026-04-21 17:47:10,71,3,0,자유게시판,,https://cafe.naver.com/ca-fe/cafes/19965504/articles/46236
46235,다이어트약 먹어봤어요,미운냥,2026-04-21 17:41:29,69,2,0,우린 다이어터!(글1개 + 댓글4개),"1. 어디까지 다이어트 시도를 해봣다를 적어주세요!
​
예시: 다이어트한약/양약 혹은 지방분해주사나 지방흡입주사까지 해봣어요
(등업을 위해 제목에 그대로 복사 붙여넣기 꼭 해주세요!)
다이어트약 먹어봤어요
​
2. 효과 있었던 지방분해주사&지방흡입주사나 다이어트양약&한약 등 있었던게 있나요?
병원 처방 약으로 다이어트 해봤어요.
요요가 심해사 마운자로 관심이 갑미다
​
3.몇키로를 다이어트 목표로 하고 계세요??
다른분 글에도 응원의 댓글 4개 꼭 적어주세요 :)
55키로
​
​
​
​
​
​
​
​
위고비 카페는 위고비 효과/가격/후기/부작용/처방/삭센다/다이어트/요요/주사/세마글루타이드/식욕조절/주기/용량/내성/처방병원/처방기준/생리/설사/용량/처방방법/나만의닥터/닥터나우/굿닥/소화불량/중단/폭식/최저가/처방조건/식단/고용량/급성췌장염/술/한달후기/포만감/복부비만/투여기간/0.5/0.25/2.4/GLP-1/기적의비만약/지방흡입/얼굴/팔뚝/복부/팔/이중턱/뱃살/허벅지/지방분해주사/지방주사/붓기/재수술/회복/후관리/미니/주사/비용/통증/압박복/복대/성분/종아리/초고도비만/람스/요요/y존/바디/마사지/전신/윤곽주사/단약/눈바디/근육/기간/몸무게/식곤증/피검사/완펜/임신/나눠맞기/효과언제부터/울렁거림/졸음/니들/유통기한/증량/피곤/투약시간/근육통/미성년자/비대면진료/고도비만/내성/기내/과식/냉장고/냉장/담낭제거/알러지/출산/해외여행/한약같이/피부/토/췌장암/분할투약/증량부작용/온누리상품권/부작용무기력증/맞는주기/나눠맞는법/기운없음/통증/투약주기/마운자로 직구/위고비 마운자로/출시 가격/다이어트 주사/급여/젭바운드/일라이릴리/국내 출시일/보험 정보를 교류하는 목적으로 설립된 카페입니다",https://cafe.naver.com/ca-fe/cafes/19965504/articles/46235
46234,전 지흡까지도 했습니다ㅋ ,이쪼리,2026-04-21 17:38:58,71,5,0,우린 다이어터!(글1개 + 댓글4개),"1. 어디까지 다이어트 시도를 해봣다를 적어주세요!
다이어트한약, 지방흡입술까지 했어요ㅋ
​
2. 효과 있었던 지방분해주사&지방흡입주사나 다이어트양약&한약 등 있었던게 있나요?
다이어트한약이 식욕 잡는데에 효과가 있었고 지방분해주사는 별로, 지방흡입수술이 제일 외형적으로 효과적
​
​
3.몇키로를 다이어트 목표로 하고 계세요??
50키로
​
​
​
​
​
​
​
위고비 카페는 위고비 효과/가격/후기/부작용/처방/삭센다/다이어트/요요/주사/세마글루타이드/식욕조절/주기/용량/내성/처방병원/처방기준/생리/설사/용량/처방방법/나만의닥터/닥터나우/굿닥/소화불량/중단/폭식/최저가/처방조건/식단/고용량/급성췌장염/술/한달후기/포만감/복부비만/투여기간/0.5/0.25/2.4/GLP-1/기적의비만약/지방흡입/얼굴/팔뚝/복부/팔/이중턱/뱃살/허벅지/지방분해주사/지방주사/붓기/재수술/회복/후관리/미니/주사/비용/통증/압박복/복대/성분/종아리/초고도비만/람스/요요/y존/바디/마사지/전신/윤곽주사/단약/눈바디/근육/기간/몸무게/식곤증/피검사/완펜/임신/나눠맞기/효과언제부터/울렁거림/졸음/니들/유통기한/증량/피곤/투약시간/근육통/미성년자/비대면진료/고도비만/내성/기내/과식/냉장고/냉장/담낭제거/알러지/출산/해외여행/한약같이/피부/토/췌장암/분할투약/증량부작용/온누리상품권/부작용무기력증/맞는주기/나눠맞는법/기운없음/통증/투약주기/마운자로 직구/위고비 마운자로/출시 가격/다이어트 주사/급여/젭바운드/일라이릴리/국내 출시일/보험 정보를 교류하는 목적으로 설립된 카페입니다",https://cafe.naver.com/ca-fe/cafes/19965504/articles/46234
46228,지방분해주사 해봤어요,아몬드허니,2026-04-21 16:58:17,63,0,0,우린 다이어터!(글1개 + 댓글4개),"1. 어디까지 다이어트 시도를 해봣다를 적어주세요!
​
예시: 다이어트한약/양약 혹은 지방분해주사나 지방흡입주사까지 해봣어요
(등업을 위해 제목에 그대로 복사 붙여넣기 꼭 해주세요!)
​
지방분해주사 해봤어요
딱히 효과는 없습니다
​
2. 효과 있었던 지방분해주사&지방흡입주사나 다이어트양약&한약 등 있었던게 있나요?
​
딱히 없습니다
​
​
3.몇키로를 다이어트 목표로 하고 계세요??
다른분 글에도 응원의 댓글 4개 꼭 적어주세요 :)
​
60키로만 되어도 소원이 없겠ㅅ브니다
​
​
​
​
​
​
​
위고비 카페는 위고비 효과/가격/후기/부작용/처방/삭센다/다이어트/요요/주사/세마글루타이드/식욕조절/주기/용량/내성/처방병원/처방기준/생리/설사/용량/처방방법/나만의닥터/닥터나우/굿닥/소화불량/중단/폭식/최저가/처방조건/식단/고용량/급성췌장염/술/한달후기/포만감/복부비만/투여기간/0.5/0.25/2.4/GLP-1/기적의비만약/지방흡입/얼굴/팔뚝/복부/팔/이중턱/뱃살/허벅지/지방분해주사/지방주사/붓기/재수술/회복/후관리/미니/주사/비용/통증/압박복/복대/성분/종아리/초고도비만/람스/요요/y존/바디/마사지/전신/윤곽주사/단약/눈바디/근육/기간/몸무게/식곤증/피검사/완펜/임신/나눠맞기/효과언제부터/울렁거림/졸음/니들/유통기한/증량/피곤/투약시간/근육통/미성년자/비대면진료/고도비만/내성/기내/과식/냉장고/냉장/담낭제거/알러지/출산/해외여행/한약같이/피부/토/췌장암/분할투약/증량부작용/온누리상품권/부작용무기력증/맞는주기/나눠맞는법/기운없음/통증/투약주기/마운자로 직구/위고비 마운자로/출시 가격/다이어트 주사/급여/젭바운드/일라이릴리/국내 출시일/보험 정보를 교류하는 목적으로 설립된 카페입니다",https://cafe.naver.com/ca-fe/cafes/19965504/articles/46228
46226,서울 동작구 / 마운자로 다이어트 가격 / 효과 궁금,아몬드허니,2026-04-21 16:54:53,66,4,0,가입인사(글1개+ 댓글4개),"==================================================
1. 가입인사글 1개 작성 + 댓글 4개 + 좋아요10회
우린 다이어터! 글1개 + 댓글4개
작성 후 자동 등업됩니다.!!
​
넹
​
​
2. 어떤 정보때문에 찾아오셨나요? 3줄이상 성의껏 작성주세요! [그래야 등업됩니다]
​
마운자로를 맞고 있는데 감량이 더딘 것 같아서 다른 분들도 비슷한지 궁금합니다.
또한 제가 적정 가격에 사는 것이 맞는지, 더 저렴하게 하는 방법도 있는지
식단은 다들 어떻게 하고 계신지 궁금합니다.
​
​
3.위고비/마운자로 다이어트카페에서 회원들과 같이 목표로 잡고 계시는건 뭘까요?? 3줄이상 작성주세요!
​
일단 살을 빼고 싶습니다 ㅜㅜ 너무너무 빼고 싶습니다.
코르티졸이 높은 상태라 무엇을 해도 잘 안 빠지는 상태...
이제 더 이상 힘든 다이어트 그만 하고싶어요",https://cafe.naver.com/ca-fe/cafes/19965504/articles/46226
46225,마운자로 짧게 맞으시는분도 계세요?,라라라1,2026-04-21 16:44:58,70,0,0,자유게시판,,https://cafe.naver.com/ca-fe/cafes/19965504/articles/46225
46218,양약 성공후 요요,길스토리,2026-04-21 16:14:35,72,5,0,우린 다이어터!(글1개 + 댓글4개),"1. 어디까지 다이어트 시도를 해봣다를 적어주세요!
양약과 주사 , 한약 다 해봤네요
예시: 다이어트한약/양약 혹은 지방분해주사나 지방흡입주사까지 해봣어요
(등업을 위해 제목에 그대로 복사 붙여넣기 꼭 해주세요!)
​
​
2. 효과 있었던 지방분해주사&지방흡입주사나 다이어트양약&한약 등 있었던게 있나요?
한약은 효과가 없었고 양약은 성공했었습니다.
​
​
​
3.몇키로를 다이어트 목표로 하고 계세요?? -20kg
다른분 글에도 응원의 댓글 4개 꼭 적어주세요 :)
​
​
​
​
​
​
​
​
​
위고비 카페는 위고비 효과/가격/후기/부작용/처방/삭센다/다이어트/요요/주사/세마글루타이드/식욕조절/주기/용량/내성/처방병원/처방기준/생리/설사/용량/처방방법/나만의닥터/닥터나우/굿닥/소화불량/중단/폭식/최저가/처방조건/식단/고용량/급성췌장염/술/한달후기/포만감/복부비만/투여기간/0.5/0.25/2.4/GLP-1/기적의비만약/지방흡입/얼굴/팔뚝/복부/팔/이중턱/뱃살/허벅지/지방분해주사/지방주사/붓기/재수술/회복/후관리/미니/주사/비용/통증/압박복/복대/성분/종아리/초고도비만/람스/요요/y존/바디/마사지/전신/윤곽주사/단약/눈바디/근육/기간/몸무게/식곤증/피검사/완펜/임신/나눠맞기/효과언제부터/울렁거림/졸음/니들/유통기한/증량/피곤/투약시간/근육통/미성년자/비대면진료/고도비만/내성/기내/과식/냉장고/냉장/담낭제거/알러지/출산/해외여행/한약같이/피부/토/췌장암/분할투약/증량부작용/온누리상품권/부작용무기력증/맞는주기/나눠맞는법/기운없음/통증/투약주기/마운자로 직구/위고비 마운자로/출시 가격/다이어트 주사/급여/젭바운드/일라이릴리/국내 출시일/보험 정보를 교류하는 목적으로 설립된 카페입니다",https://cafe.naver.com/ca-fe/cafes/19965504/articles/46218
46217,건강검진으로 마운자로를 일주일 중단해도 괜찮겠죠?,소주한잔취사량,2026-04-21 16:13:50,82,3,0,자유게시판,,https://cafe.naver.com/ca-fe/cafes/19965504/articles/46217
46216,"천안/마운자로 다이어트/가격, 정보",길스토리,2026-04-21 16:10:58,67,5,0,가입인사(글1개+ 댓글4개),"반드시 아래 제목양식을 지켜주세요!!
​
​
제목양식: 나의 활동 지역 / 나의문제,고민(위고비/마운자로/삭센다 처방, 위고비/마운자로/삭센다 용량 등) / 가입이유
​
예시) 서울 강남구 / 위고비 다이어트 가격 / 저렴한곳 찾으러
예시) 대전 유성구 / 위고비 다이어트 부작용 / 부작용으로 두통 복부통증
예시) 부산 해운대구 / 위고비 다이어트 효과 / 위고비 맞아도 효과없어요
​
▲▲ 반드시 지역은 '서울 000구'까지 구체적으로 작성!!▲▲
​
​
==================================================
1. 가입인사글 1개 작성 + 댓글 4개 + 좋아요10회
우린 다이어터! 글1개 + 댓글4개
작성 후 자동 등업됩니다.!!
​
​
​
2. 어떤 정보때문에 찾아오셨나요? 3줄이상 성의껏 작성주세요! [그래야 등업됩니다]
마운자로, 위고비 가격이 궁금해서
부작용으로 어떤것들이 있는지 궁금해서
요요안오게 하려면
​
​
​
3.위고비/마운자로 다이어트카페에서 회원들과 같이 목표로 잡고 계시는건 뭘까요?? 3줄이상 작성주세요!
​
요요없이 성공하기
건강을 위해서라도 다이어트가 필요
모태뚱뚱탈출
​",https://cafe.naver.com/ca-fe/cafes/19965504/articles/46216
46215,지금 마운자로 2.5 효과가 아예 없는듯;;,장난뀨,2026-04-21 16:10:03,108,10,0,마운자로2.5mg후기,,https://cafe.naver.com/ca-fe/cafes/19965504/articles/46215
46214,마운자로 부작용으로 시력이 저하된 느낌이에요ㅠㅠ,목사님에멘,2026-04-21 16:08:47,77,3,0,자유게시판,,https://cafe.naver.com/ca-fe/cafes/19965504/articles/46214
46213,마운자로 2주에 한번 투약,화내지마라,2026-04-21 16:05:57,89,3,0,"투약방법,꿀팁",,https://cafe.naver.com/ca-fe/cafes/19965504/articles/46213
46212,마운자로 실비청구,미누미누,2026-04-21 16:03:22,87,4,0,자유게시판,,https://cafe.naver.com/ca-fe/cafes/19965504/articles/46212
46211,얼굴지방흡입이 비용대비 만족도가 좋을까여,청자,2026-04-21 16:02:03,74,5,0,부위별 주사/지방흡입 Q&A,"시술 부위: (예: 턱살 / 팔뚝 / 복부 / 허벅지 등)
얼굴 다요...
시술 종류: (예: 윤곽주사 / 조각주사 / 지방흡입 / 람스 등)
지방흡입
시술 받은(알아본) 병원/지역: (예: 강남 A의원 / 아직 못 정함 )
신사역쪽이긴한데 적어도 될까요..?
시술 경험 or 궁금한 점:
- (예: 턱살윤곽주사 3회차인데 효과가 애매해요… 맞으신 분 계신가요?)
- (예: 조각주사랑 윤곽주사 차이 궁금해요. 어떤 부위에 더 적합한가요?)
​
추가로 알고 싶은 정보:
(예: 부작용/통증/회복시간 등)
​
​
​
평소에 이중턱이랑 볼살이 너무 스트레스라 성형외과에 가서 상담을 한번 받고왔는데 얼굴지방흡입 비용이 제가 생각했던 것보다 더 비싸서 좀 놀라긴 했어요
​
원장님께서는 효과가 확실할 거라고 얼굴지방흡입을 적극 추천해주시는데 막상 받으려고 하니까 좀 겁나서요..
​
얼굴지방흡입 비용을 생각하면 그냥 살을 빼자.. 생각이 들지만 그래도 받고싶으니까ㅠㅠ
​
혹시 얼굴지방흡입 받아보신분 계시면 하고나서 나중에 살이 처지거나 부작용같은게 없으셨는지 궁금해요
​
하고 나서 턱선이 쫙 붙는지 아니면 그냥 붓기가 빠지는 정도인지 후기가 궁금합니다
​
얼굴지방흡입이 비용대비 만족도가 높을까요?
​
​
​
​
​
​
​
위고비/마운자로/삭센다 카페는 위고비 효과/삭센다 가격/후기/부작용/처방/삭센다/다이어트/요요/주사/세마글루타이드/식욕조절/주기/용량/내성/처방병원/처방기준/생리/설사/용량/처방방법/나만의닥터/닥터나우/굿닥/소화불량/폭식/최저가/처방조건/식단/고용량/급성췌장염/술/한달후기/포만감/복부비만/투여기간/0.5/0.25/2.4/GLP-1/기적의비만약/지방흡입/얼굴/팔뚝/복부/팔/이중턱/뱃살/허벅지/지방분해주사/지방주사/붓기/재수술/회복/후관리/미니/주사/비용/통증/성분/종아리/초고도비만/람스/요요/y존/바디/전신/윤곽주사/단약/눈바디/근육/기간/몸무게/식곤증/피검사/임신/나눠맞기/울렁거림/졸음/니들/유통기한/증량/피곤/투약시간/근육통/미성년자/비대면진료/고도비만/내성/복통/갑상선저하증/피부/토/탈모약/췌장암/분할투약/증량부작용/온누리상품권/부작용무기력증/맞는주기/나눠맞는법/기운없음/통증/투약주기/마운자로 직구/위고비 마운자로/출시 가격/다이어트 주사/급여/젭바운드/일라이릴리/국내 출시일/보험 정보를 교류하는 목적으로 설립된 카페입니다.",https://cafe.naver.com/ca-fe/cafes/19965504/articles/46211
46210,마운자 7.5mg 효과없다가 10mg에서 효과보신분?,새우바게트,2026-04-21 15:57:06,106,4,0,자유게시판,,https://cafe.naver.com/ca-fe/cafes/19965504/articles/46210
46209,다이어트한약하다가 위고비 하고있어요,기다리다지친,2026-04-21 15:49:55,67,4,0,우린 다이어터!(글1개 + 댓글4개),"1. 어디까지 다이어트 시도를 해봣다를 적어주세요!
​
다이어트한약하다가 위고비 하고있어요
​
예시: 다이어트한약/양약 혹은 지방분해주사나 지방흡입주사까지 해봣어요
(등업을 위해 제목에 그대로 복사 붙여넣기 꼭 해주세요!)
​
​
2. 효과 있었던 지방분해주사&지방흡입주사나 다이어트양약&한약 등 있었던게 있나요?
다이어트한약은 꾸준히 먹으면 살은 빠졌어요
​
​
​
3.몇키로를 다이어트 목표로 하고 계세요??
다른분 글에도 응원의 댓글 4개 꼭 적어주세요 :)
​
10키로 빼고 싶어요
​
​
​
​
​
​
​
위고비 카페는 위고비 효과/가격/후기/부작용/처방/삭센다/다이어트/요요/주사/세마글루타이드/식욕조절/주기/용량/내성/처방병원/처방기준/생리/설사/용량/처방방법/나만의닥터/닥터나우/굿닥/소화불량/중단/폭식/최저가/처방조건/식단/고용량/급성췌장염/술/한달후기/포만감/복부비만/투여기간/0.5/0.25/2.4/GLP-1/기적의비만약/지방흡입/얼굴/팔뚝/복부/팔/이중턱/뱃살/허벅지/지방분해주사/지방주사/붓기/재수술/회복/후관리/미니/주사/비용/통증/압박복/복대/성분/종아리/초고도비만/람스/요요/y존/바디/마사지/전신/윤곽주사/단약/눈바디/근육/기간/몸무게/식곤증/피검사/완펜/임신/나눠맞기/효과언제부터/울렁거림/졸음/니들/유통기한/증량/피곤/투약시간/근육통/미성년자/비대면진료/고도비만/내성/기내/과식/냉장고/냉장/담낭제거/알러지/출산/해외여행/한약같이/피부/토/췌장암/분할투약/증량부작용/온누리상품권/부작용무기력증/맞는주기/나눠맞는법/기운없음/통증/투약주기/마운자로 직구/위고비 마운자로/출시 가격/다이어트 주사/급여/젭바운드/일라이릴리/국내 출시일/보험 정보를 교류하는 목적으로 설립된 카페입니다",https://cafe.naver.com/ca-fe/cafes/19965504/articles/46209
46208,서울 성동구 위고비 위고비효과미미,기다리다지친,2026-04-21 15:46:49,69,4,0,가입인사(글1개+ 댓글4개),"반드시 아래 제목양식을 지켜주세요!!
​
​
제목양식: 나의 활동 지역 / 나의문제,고민(위고비/마운자로/삭센다 처방, 위고비/마운자로/삭센다 용량 등) / 가입이유
​
예시) 서울 강남구 / 위고비 다이어트 가격 / 저렴한곳 찾으러
예시) 대전 유성구 / 위고비 다이어트 부작용 / 부작용으로 두통 복부통증
예시) 부산 해운대구 / 위고비 다이어트 효과 / 위고비 맞아도 효과없어요
​
▲▲ 반드시 지역은 '서울 000구'까지 구체적으로 작성!!▲▲
​
​
==================================================
1. 가입인사글 1개 작성 + 댓글 4개 + 좋아요10회
우린 다이어터! 글1개 + 댓글4개
작성 후 자동 등업됩니다.!!
​
​
​
2. 어떤 정보때문에 찾아오셨나요? 3줄이상 성의껏 작성주세요! [그래야 등업됩니다]
​
위고비하고 있는데 효과가 없는거 같아서 더 해야하나ㅜ아님 마운자로로 갈아타야하나 고민이에요
​
예시주제) 주변 위고비 다이어트 후기를 보고/위고비 때문에 탈모가 올까봐
예시주제)위고비주사를 매일 맞아야 하는데 아플까봐
예시주제)위고비투여방법을 잘 몰라서 혹시 건강이상이 올까봐 등등 무엇이든 상관없습니다.
예시주제) 위고비도 그렇고 지방흡입 지방분해주사 지방주사 곁들여서 다이어트 가능한지 궁금해서
​
​
3.위고비/마운자로 다이어트카페에서 회원들과 같이 목표로 잡고 계시는건 뭘까요?? 3줄이상 작성주세요!
​
살빼서 예뻐지고 싶어요
​
예시주제) 주변에 위고비 다이어트를 하고 이뻐진 지인이 있는데 저도 그렇게 되려고요
예시주제) 멋진 이성친구를 만나려고 합니다
예시주제) 결혼을 앞두고 있어서 빡시게 다이어트를 하려고 합니다
예시주제) 얼굴 팔뚝 복부 팔 이중턱 뱃살 허벅지 등 위고비",https://cafe.naver.com/ca-fe/cafes/19965504/articles/46208
